유형,상세분류,시군구코드,도로명코드,도로명주소,기관명,위치X,위치Y,전화번호
우체국,취급국,27260,3007004,대구광역시 수성구 동대구로 222,대구범어우방취급국,1101633.388000000035390,1762100.763000000035390,053-756-7304
우체국,취급국,27260,4238078,대구광역시 수성구 달구벌대로528길 15,수성대학교우편취급국,1103552.699000000022352,1762588.314999999944121,053-749-7491
우체국,취급국,27260,2007002,대구광역시 수성구 달구벌대로 2611,대구만촌2동우편취급국,1103670.398999999975786,1763020.418000000063330,053-754-8384
우체국,취급국,27260,4238221,대구광역시 수성구 무학로33길 1,대구삼남우편취급국,1101857.912999999942258,1759946.097000000067055,053-762-9355
우체국,취급국,27260,3146019,대구광역시 수성구 신매로 71,대구고산1동우편취급국,1108961.412999999942258,1760614.049000000115484,053-792-5700
우체국,취급국,27260,2007002,대구광역시 수성구 달구벌대로 2903,96군사우편출장소,1106607.462999999988824,1761654.833000000100583,053-791-3999
관세,세관,27290,3007031,대구광역시 달서구 화암로 301,대구세관,1091897.294999999925494,1756954.833000000100583,053-230-5114
우체국,취급국,27290,2007002,대구광역시 달서구 달구벌대로 1862,대구삼익신협우편취급국,1096478.557000000029802,1763219.195999999996275,053-653-7100
우체국,취급국,27290,2007002,대구광역시 달서구 달구벌대로 1095,성서계명대학교우편취급국,1088624.325999999884516,1762335.299000000115484,053-592-1350
우체국,취급국,27290,4241324,대구광역시 달서구 성서로72길 97-10,대구성서3동우편취급국,1091484.016999999992549,1761951.168999999994412,053-583-0700
우체국,취급국,27290,2007002,대구광역시 달서구 달구벌대로 1429-5,대구와룡우편취급국,1092420.378000000026077,1761966.720999999903142,053-559-1999
우체국,취급국,27290,3147037,대구광역시 달서구 장산남로 30,대구지법서부지원출장소,1092785.387000000104308,1762323.554999999934807,053-563-2005
우체국,취급국,27290,3147009,대구광역시 달서구 상인로 9,대구상인3동우편취급국,1094980.036000000080094,1757463.355999999912456,053-642-4276
학교,중학교,27110,2007002,대구광역시 중구 달구벌대로 2178,경북대학교사범대학부설중학교,1099367.458000000100583,1763446.023999999975786,053-232-8255
우체국,취급국,27290,3147016,대구광역시 달서구 성서4차첨단로 122-11,대구경북중소기업청출장소,1091632.584999999962747,1759274.036000000080094,053-659-2597
학교,중학교,27200,4232356,대구광역시 남구 현충로48길 33,경상중학교,1098005.411000000080094,1762330.838999999919906,053-234-6100
우체국,취급국,27290,3147041,대구광역시 달서구 중흥로 14,대구송현동우편취급국,1095311.402000000001863,1760056.652999999932945,053-621-3600
학교,중학교,27200,3144011,대구광역시 남구 효성로 37,경일여자중학교,1099059.199999999953434,1760544.172999999951571,053-234-9194
우체국,취급국,27710,3007019,대구광역시 달성군 다사읍 서재로 80,대구서재리우편취급국,1089994.120000000111759,1764228.058999999891967,053-585-6334
학교,중학교,27200,4232189,대구광역시 남구 성당로18길 20,경혜여자중학교,1096096.395999999949709,1761262.783999999985099,053-234-8420
학교,중학교,27290,4241097,대구광역시 달서구 당산로30길 20,경암중학교,1094690.739000000059605,1761825.919999999925494,053-234-9100
학교,중학교,27290,4241149,대구광역시 달서구 두류남길 10,구남중학교,1096847.747999999905005,1762927.000000000000000,053-234-8816
학교,중학교,27290,4241471,대구광역시 달서구 월곡로94길 46,대건중학교,1092856.875000000000000,1760203.885000000009313,053-234-8808
학교,중학교,27290,3147005,대구광역시 달서구 도원남로 5,대곡중학교,1093289.114999999990687,1757145.083000000100583,053-234-6805
학교,중학교,27200,3141012,대구광역시 남구 대봉로 120,대구중학교,1099661.816000000108033,1762067.227999999886379,053-234-6002
학교,중학교,27200,3007012,대구광역시 남구 앞산순환로 477,대명중학교,1097250.500999999931082,1760156.324000000022352,053-234-7386
학교,중학교,27290,3007013,대구광역시 달서구 월배로 303,대서중학교,1094263.273999999975786,1759071.682999999960884,053-234-6281
학교,중학교,27290,4241166,대구광역시 달서구 미리샘길 32,도원중학교,1094414.993999999947846,1757141.621999999973923,053-234-7070
학교,중학교,27290,3147026,대구광역시 달서구 야외음악당로 107,상서중학교,1094807.107000000076368,1761609.874000000068918,053-234-9000
학교,중학교,27290,3147009,대구광역시 달서구 상인로 117,상원중학교,1094327.496000000042841,1758319.054999999934807,053-234-7734
학교,중학교,27290,3147009,대구광역시 달서구 상인로 34,상인중학교,1094871.570000000065193,1757719.050999999977648,053-234-6900
학교,중학교,27290,3147004,대구광역시 달서구 대명천로 102,성당중학교,1094665.513999999966472,1760956.429999999934807,053-234-6450
학교,중학교,27290,3147014,대구광역시 달서구 선원남로 174,성산중학교,1091976.000000000000000,1762723.192000000039116,053-234-6950
학교,중학교,27290,3147028,대구광역시 달서구 용산서로 63,성서중학교,1092695.159999999916181,1762627.097999999998137,053-234-6158
학교,중학교,27290,3147020,대구광역시 달서구 성서동로 361,성지중학교,1091620.786000000080094,1762345.087999999988824,053-234-7308
학교,중학교,27290,3147024,대구광역시 달서구 송현로 156,송현여자중학교,1094495.250000000000000,1759907.624000000068918,053-234-9300
학교,중학교,27290,3147013,대구광역시 달서구 서당로 30,신당중학교,1089967.746999999973923,1762461.875000000000000,053-234-7861
학교,중학교,27200,4232351,대구광역시 남구 현충로39길 29,심인중학교,1097373.712999999988824,1761999.800999999977648,053-234-8540
학교,중학교,27290,3147029,대구광역시 달서구 월곡로 300,영남중학교,1093612.638999999966472,1758751.293999999994412,053-234-8700
학교,중학교,27290,3147014,대구광역시 달서구 선원남로 23,와룡중학교,1090473.023999999975786,1762880.496999999973923,053-234-6675
학교,중학교,27290,4241429,대구광역시 달서구 와룡로45길 72,용산중학교,1093216.840000000083819,1762450.266999999992549,053-234-7456
관세,지소,27290,3007031,대구광역시 달서구 화암로 301,수출입기업지원센터,1091897.294999999925494,1756954.833000000100583,053-230-5114
학교,중학교,27290,4241097,대구광역시 달서구 당산로30길 30,원화중학교,1094632.824000000022352,1761621.973999999929219,053-608-2220
학교,중학교,27290,4241479,대구광역시 달서구 월배로28길 80,월배중학교,1093245.691000000108033,1757952.223999999929219,053-234-5791
학교,중학교,27290,4241241,대구광역시 달서구 선원로37길 65,이곡중학교,1091355.425999999977648,1763312.867000000085682,053-234-7160
학교,중학교,27290,4241566,대구광역시 달서구 죽전1길 176,죽전중학교,1093810.036000000080094,1762836.493000000016764,053-234-6400
학교,중학교,27290,4241471,대구광역시 달서구 월곡로94길 10,학산중학교,1092650.604999999981374,1759921.729000000050291,053-234-6651
학교,중학교,27200,3144011,대구광역시 남구 효성로 35,협성경복중학교,1099075.230999999912456,1760374.343000000109896,053-234-8444
학교,중학교,27290,4241471,대구광역시 달서구 월곡로94길 48,효성중학교,1092882.546000000089407,1760243.510999999940395,053-234-8900
학교,중학교,27710,4244456,대구광역시 달성군 가창면 원정길 2,가창중학교,1103403.743999999947846,1753673.669999999925494,053-235-3859
학교,중학교,27710,4244682,대구광역시 달성군 옥포읍 돌미로5길 15,경서중학교,1085417.227999999886379,1754456.023999999975786,053-235-3104
학교,중학교,27710,4854702,대구광역시 달성군 구지면 국가산단대로66길 22,구지중학교,1083242.648999999975786,1740874.835999999893829,053-233-9888
학교,중학교,27710,3148011,대구광역시 달성군 논공읍 논공로 256,논공중학교,1086571.263000000035390,1747924.671000000089407,053-235-3311
학교,중학교,27710,4244206,대구광역시 달성군 다사읍 매곡로2길 8-5,다사중학교,1086271.530000000027940,1763310.766000000061467,053-235-3200
학교,중학교,27710,3000062,대구광역시 달성군 하빈면 하빈로 118,달서중학교,1083164.273999999975786,1765903.333000000100583,053-235-3900
학교,중학교,27710,4244317,대구광역시 달성군 화원읍 비슬로506길 14,달성중학교,1089749.664000000106171,1756495.378999999957159,053-235-3000
학교,중학교,27710,4244672,대구광역시 달성군 유가읍 테크노북로6길 10,포산중학교,1086863.155999999959022,1744856.570999999996275,053-235-2910
학교,중학교,27710,3007026,대구광역시 달성군 현풍읍 비슬로 675,현풍중학교,1084882.960999999893829,1745102.365999999921769,053-235-3963
학교,중학교,27710,3148031,대구광역시 달성군 화원읍 성암로 48,화원중학교,1091222.610000000102445,1756309.570999999996275,053-235-3339
학교,중학교,27110,3141001,대구광역시 중구 남산로 20,경구중학교,1097829.334999999962747,1762982.608999999938533,053-232-8900
학교,고등학교,27110,2007002,대구광역시 중구 달구벌대로 2178,경북대학교사범대학부설고등학교,1099367.458000000100583,1763446.023999999975786,053-231-9400
학교,중학교,27260,4238069,대구광역시 수성구 달구벌대로504길 34,경신중학교,1102716.935000000055879,1762701.769000000087544,053-760-0100
학교,고등학교,27230,3145046,대구광역시 북구 태전로 100,강북고등학교,1093927.750000000000000,1770840.149999999906868,053-235-5951
학교,중학교,27110,3141004,대구광역시 중구 달성로 35,계성중학교,1097527.895000000018626,1764021.379999999888241,053-232-8351
학교,고등학교,27170,4229025,대구광역시 서구 국채보상로34길 50,경덕여자고등학교,1094702.027999999932945,1763509.524999999906868,053-231-7417
학교,중학교,27140,4226303,대구광역시 동구 팔공로197길 26,공산중학교,1107376.766000000061467,1773804.746999999973923,053-232-9040
학교,고등학교,27230,4235392,대구광역시 북구 칠성로17길 18,경명여자고등학교,1099164.068999999901280,1765455.091999999945983,053-235-7200
학교,중학교,27260,3146011,대구광역시 수성구 무학로 207,능인중학교,1102292.777999999932945,1760103.975000000093132,053-232-9121
학교,고등학교,27260,3146029,대구광역시 수성구 청호로 300,경북고등학교,1103096.134000000078231,1761514.371000000042841,053-231-4002
학교,중학교,27260,4238461,대구광역시 수성구 화랑로32길 74,대구동부중학교,1103293.270999999949709,1764597.825999999884516,053-232-7045
학교,고등학교,27110,3141001,대구광역시 중구 남산로 20,경북공업고등학교,1097829.334999999962747,1762982.608999999938533,053-235-8500
학교,중학교,27260,4238305,대구광역시 수성구 수성로76길 33,대구동중학교,1100760.712000000057742,1762981.291999999899417,053-232-6000
학교,고등학교,27290,3007013,대구광역시 달서구 월배로 275,경북기계공업고등학교,1094167.872999999905005,1758907.631999999983236,053-231-8322
학교,중학교,27110,4223099,대구광역시 중구 명륜로23길 16,대구제일중학교,1099045.472000000067055,1763330.242000000085682,053-232-7777
학교,고등학교,27110,2007001,대구광역시 중구 중앙대로 288,경북여자고등학교,1098614.960999999893829,1762981.754999999888241,053-231-7115
학교,중학교,27260,3007020,대구광역시 수성구 신천동로 496,대구중앙중학교,1100869.641999999992549,1763898.718000000109896,053-770-0000
학교,고등학교,27200,4232135,대구광역시 남구 명덕로38길 36,경북여자상업고등학교,1098307.702999999979511,1762591.790999999968335,053-235-9398
학교,중학교,27260,2007002,대구광역시 수성구 달구벌대로 2700,대륜중학교,1104454.097000000067055,1762342.860000000102445,053-232-8380
학교,고등학교,27200,4232314,대구광역시 남구 중앙대로47길 30,경북예술고등학교,1098274.450999999884516,1762540.622999999905005,053-235-8299
학교,중학교,27260,4238349,대구광역시 수성구 욱수길 37,덕원중학교,1108930.862999999895692,1759474.820999999996275,053-232-8560
학교,고등학교,27230,4235051,대구광역시 북구 공항로15길 24,경상고등학교,1101208.145999999949709,1767833.833000000100583,053-235-6011
학교,중학교,27260,4238186,대구광역시 수성구 들안로9길 36,덕화중학교,1100710.722000000067055,1760158.558999999891967,053-232-7786
학교,고등학교,27200,4232032,대구광역시 남구 대경길 151,경상공업고등학교,1097006.118000000016764,1761499.486999999964610,053-235-8807
학교,중학교,27260,3146029,대구광역시 수성구 청호로 350,동도중학교,1102914.222000000067055,1762032.995000000111759,053-232-7270
학교,고등학교,27230,4235416,대구광역시 북구 침산남로9길 164,경상여자고등학교,1098169.597000000067055,1767648.686999999918044,053-235-8163
학교,중학교,27260,4238468,대구광역시 수성구 효행로2길 81,동원중학교,1103907.861999999964610,1764976.013999999966472,053-232-6400
학교,고등학교,27260,4238069,대구광역시 수성구 달구벌대로504길 34,경신고등학교,1102716.935000000055879,1762701.769000000087544,053-760-0000
학교,중학교,27140,3142010,대구광역시 동구 동촌로 176,동촌중학교,1104672.047999999951571,1765712.736000000033528,053-232-6164
학교,고등학교,27290,3007027,대구광역시 달서구 새방로 77,경원고등학교,1092599.539000000106171,1763700.715000000083819,053-235-5600
학교,중학교,27260,4238370,대구광역시 수성구 지범로41길 23,범일중학교,1103407.557000000029802,1758902.054000000003725,053-232-7870
학교,고등학교,27200,3144011,대구광역시 남구 효성로 37,경일여자고등학교,1099059.199999999953434,1760544.172999999951571,053-235-7500
학교,중학교,27260,4238231,대구광역시 수성구 범안로4길 46,범물중학교,1102974.171000000089407,1758215.924000000115484,053-232-6804
학교,고등학교,27290,4241097,대구광역시 달서구 당산로30길 20,경화여자고등학교,1094690.739000000059605,1761825.919999999925494,053-235-7577
학교,중학교,27140,4226148,대구광역시 동구 방천로5길 8,불로중학교,1102375.061999999918044,1767447.877000000094995,053-232-6572
학교,고등학교,27170,3007027,대구광역시 서구 새방로 171,계성고등학교,1092834.365999999921769,1764332.983999999938533,053-235-4159
학교,중학교,27110,4223016,대구광역시 중구 국채보상로102길 48,성명여자중학교,1097865.428000000072643,1764077.868000000016764,053-254-1807~9
학교,고등학교,27290,4241149,대구광역시 달서구 두류남길 10,대구보건고등학교,1096847.747999999905005,1762927.000000000000000,053-235-9501
학교,중학교,27260,4238031,대구광역시 수성구 교학로8길 37,소선여자중학교,1103822.671000000089407,1762433.810000000055879,053-232-9502
학교,고등학교,27230,4235431,대구광역시 북구 태암남로11길 7,구암고등학교,1095016.831999999936670,1770465.935000000055879,053-231-4450
학교,중학교,27260,4238163,대구광역시 수성구 들안로32길 40,황금중학교,1101097.141000000061467,1761426.415000000037253,053-232-7955
학교,고등학교,27260,3146011,대구광역시 수성구 무학로 207,능인고등학교,1102292.777999999932945,1760103.975000000093132,053-235-4420
국세,지방국세청,27290,3007031,대구광역시 달서구 화암로 301,대구지방국세청,1091897.294999999925494,1756954.833000000100583,053-661-7120
학교,중학교,27260,4238455,대구광역시 수성구 파동로51길 26-9,수성중학교,1099978.683999999891967,1759322.520999999949709,053-232-6316
학교,고등학교,27710,2007002,대구광역시 달성군 다사읍 달구벌대로 839,다사고등학교,1086924.649999999906868,1763156.091000000014901,053-231-5002
학교,중학교,27260,3146026,대구광역시 수성구 천을로 106,매호중학교,1108575.100000000093132,1761493.743000000016764,053-232-7400
학교,고등학교,27710,3000062,대구광역시 달성군 하빈면 하빈로 118,달서고등학교,1083164.273999999975786,1765903.333000000100583,053-235-6400
학교,중학교,27260,3146019,대구광역시 수성구 신매로 66,시지중학교,1109187.854999999981374,1760564.641999999992549,053-232-6830
학교,고등학교,27170,2007002,대구광역시 서구 달구벌대로 1725,달성고등학교,1095286.368000000016764,1763001.185000000055879,053-231-4284
학교,중학교,27260,3007020,대구광역시 수성구 신천동로 364,신명여자중학교,1100149.397000000113621,1762875.368999999947846,053-232-9290
학교,고등학교,27710,4244502,대구광역시 달성군 구지면 창리로11길 93,대구소프트웨어고등학교,1082692.077000000048429,1741168.473999999929219,053-231-9226
학교,중학교,27140,3142034,대구광역시 동구 율하동로 88,신기중학교,1108548.233999999938533,1764178.810999999986961,053-232-7313
학교,고등학교,27290,4241471,대구광역시 달서구 월곡로94길 46,대건고등학교,1092856.875000000000000,1760203.885000000009313,053-235-4600
학교,중학교,27140,3142029,대구광역시 동구 안심로 237,안심중학교,1109170.837999999988824,1764029.243999999947846,053-232-6231
학교,고등학교,27200,2007001,대구광역시 남구 중앙대로 171,대구고등학교,1098305.942999999970198,1761941.405000000027940,053-231-4145
국세,세무서,27200,3144003,대구광역시 남구 대명로 55,남대구세무서,1096053.679999999934807,1760866.982000000076368,053-659-0200
학교,중학교,27140,4226333,대구광역시 동구 팔공로50길 32,영신중학교,1103430.888999999966472,1769867.892999999923632,053-232-8500
학교,고등학교,27140,3007003,대구광역시 동구 대현로 135,대구공업고등학교,1100567.365999999921769,1765753.313000000081956,053-231-8200
국세,세무서,27140,3007001,대구광역시 동구 국채보상로 895,동대구세무서,1101933.050999999977648,1764013.239000000059605,053-749-0200
학교,중학교,27260,4238073,대구광역시 수성구 달구벌대로522길 78,오성중학교,1103368.040999999968335,1762597.431000000098720,053-232-8700
학교,고등학교,27260,3007004,대구광역시 수성구 동대구로 154,대구과학고등학교,1101638.399999999906868,1761490.905000000027940,053-231-7532
국세,세무서,27230,3007022,대구광역시 북구 원대로 118,북대구세무서,1097789.145000000018626,1766240.043000000063330,053-350-4200
학교,중학교,27140,3142010,대구광역시 동구 동촌로 10,입석중학교,1103322.465000000083819,1766654.865999999921769,053-232-6940
학교,고등학교,27260,3007020,대구광역시 수성구 신천동로 364,대구남산고등학교,1100149.397000000113621,1762875.368999999947846,053-235-6450
학교,중학교,27260,4238421,대구광역시 수성구 청호로84길 123,정화중학교,1103113.098999999929219,1762032.574999999953434,053-232-9202
학교,고등학교,27290,3147044,대구광역시 달서구 학산남로 50,대구달서공업고등학교,1093825.772000000113621,1759021.939000000013039,053-231-8708
국세,세무서,27290,4241100,대구광역시 달서구 당산로38길 33,서대구세무서,1094835.081000000005588,1762447.637000000104308,053-659-1200
학교,중학교,27260,4238382,대구광역시 수성구 지산로3길 68,지산중학교,1101943.810000000055879,1759270.638000000035390,053-232-6633
학교,고등학교,27140,3142043,대구광역시 동구 효동로 48,대구일마이스터고등학교,1103552.080000000074506,1765659.037999999942258,053-231-8811
국세,세무서,27260,2007002,대구광역시 수성구 달구벌대로 2362,수성세무서,1101200.850000000093132,1763082.776000000070781,053-749-6200
학교,중학교,27140,3007001,대구광역시 동구 국채보상로 827,청구중학교,1101163.699999999953434,1764145.225000000093132,053-232-8787
학교,고등학교,27140,3142015,대구광역시 동구 반야월북로 199,대구동부고등학교,1110048.817999999970198,1764876.656999999890104,"053-235-6701,6702"
학교,중학교,27230,4235392,대구광역시 북구 칠성로17길 18,경명여자중학교,1099164.068999999901280,1765455.091999999945983,053-233-8453
학교,고등학교,27290,3007013,대구광역시 달서구 월배로 241,대구상원고등학교,1093891.206000000005588,1758854.409999999916181,053-231-6062
학교,중학교,27170,3007001,대구광역시 서구 국채보상로 384,경상여자중학교,1096939.347000000067055,1764322.950999999884516,053-233-8510
학교,고등학교,27170,4229042,대구광역시 서구 국채보상로53길 32,대구서부고등학교,1095706.554000000003725,1764638.789000000106171,053-231-4540
학교,중학교,27170,4229230,대구광역시 서구 서대구로3길 32,경운중학교,1095124.058999999891967,1763087.664000000106171,053-233-6000
학교,고등학교,27170,3143012,대구광역시 서구 당산로 228,대구서부공업고등학교,1094654.729000000050291,1762834.375000000000000,053-231-9000
학교,중학교,27170,4229130,대구광역시 서구 달서천로76길 11,경일중학교,1097152.712999999988824,1765510.529000000096858,053-233-6100
학교,고등학교,27200,4232353,대구광역시 남구 현충로40길 50,대구여자상업고등학교,1097814.932999999960884,1761929.276000000070781,053-235-9190
학교,중학교,27230,3145008,대구광역시 북구 관음동로 87,관음중학교,1094389.185999999986961,1772102.233000000007451,053-233-7151
학교,고등학교,27260,4238060,대구광역시 수성구 달구벌대로488길 17,대구여자고등학교,1102053.789000000106171,1762747.841999999945983,053-231-7300
학교,중학교,27230,4235081,대구광역시 북구 구암로22길 7,관천중학교,1094947.246000000042841,1771008.523999999975786,053-233-6771
학교,고등학교,27290,4241232,대구광역시 달서구 선원로11길 21,대구외국어고등학교,1090112.013000000035390,1763111.303000000072643,053-231-7800
학교,중학교,27230,4235067,대구광역시 북구 관음중앙로32길 15,교동중학교,1094662.111000000033528,1772425.790999999968335,053-233-6878
학교,고등학교,27260,2007002,대구광역시 수성구 달구벌대로 3170,대구농업마이스터고등학교,1108443.493000000016764,1760584.629999999888241,053-231-8014
학교,중학교,27230,3145045,대구광역시 북구 태암로 85,구암중학교,1095366.004999999888241,1770614.973999999929219,053-233-7288
학교,고등학교,27290,3147027,대구광역시 달서구 용산로 113,대구전자공업고등학교,1092989.656999999890104,1761756.147000000113621,053-231-8490
학교,중학교,27230,3007002,대구광역시 북구 공항로 50,대구북중학교,1101115.354000000050291,1767329.892999999923632,053-233-6330
학교,고등학교,27140,4226075,대구광역시 동구 동북로71길 37,대구관광고등학교,1102201.398000000044703,1766530.449999999953434,053-235-9711
학교,중학교,27230,4235293,대구광역시 북구 옥산로17길 21,대구일중학교,1097858.290999999968335,1766062.402000000001863,053-233-7500
학교,고등학교,27170,3007001,대구광역시 서구 국채보상로 384,대구제일고등학교,1096939.347000000067055,1764322.950999999884516,053-235-6802
학교,중학교,27230,3145020,대구광역시 북구 대천로 123,동평중학교,1095929.040000000037253,1771687.787000000011176,053-233-7400
학교,고등학교,27290,3147004,대구광역시 달서구 대명천로 120,대구제일여자상업고등학교,1094454.129999999888241,1760975.945000000065193,053-231-9274
학교,대학,27260,4238078,대구광역시 수성구 달구벌대로528길 15,수성대학교,1103802.966000000014901,1762689.084999999962747,053-749-7000
학교,중학교,27230,4235194,대구광역시 북구 동북로65길 28,복현중학교,1101797.514999999897555,1766957.577000000048429,053-233-6670
학교,고등학교,27260,4238022,대구광역시 수성구 교학로12길 62,대구혜화여자고등학교,1103648.922000000020489,1762075.232000000076368,053-235-8000
학교,중학교,27230,4235183,대구광역시 북구 동북로31길 29,산격중학교,1100047.655999999959022,1767867.075999999884516,053-233-7100
학교,고등학교,27260,2007002,대구광역시 수성구 달구벌대로 2700,대륜고등학교,1104375.510999999940395,1762304.034999999916181,053-756-9501
학교,중학교,27230,3145004,대구광역시 북구 검단로 150,성광중학교,1101444.793999999994412,1768475.399999999906868,053-233-8355
학교,고등학교,27230,3145009,대구광역시 북구 관음로 303-12,대중금속공업고등학교,1094957.706000000005588,1773730.952000000048429,053-235-9111
학교,중학교,27230,3145028,대구광역시 북구 복현로 140,성화중학교,1101092.101999999955297,1767979.816000000108033,053-233-8600
학교,고등학교,27260,4238349,대구광역시 수성구 욱수길 37,덕원고등학교,1108930.862999999895692,1759474.820999999996275,053-235-5346
학교,중학교,27230,4235087,대구광역시 북구 구암로49길 9,운암중학교,1096092.070000000065193,1771210.986000000033528,053-233-6983
학교,고등학교,27710,3007026,대구광역시 달성군 화원읍 비슬로 2658,대원고등학교,1090988.289000000106171,1757160.333000000100583,053-668-1000
학교,중학교,27170,4241104,대구광역시 서구 당산로41서길 97,서남중학교,1094136.764999999897555,1762769.568999999901280,053-233-7800
학교,고등학교,27290,3147026,대구광역시 달서구 야외음악당로 107,상서고등학교,1094807.107000000076368,1761609.874000000068918,053-235-9550
학교,중학교,27170,4229025,대구광역시 서구 국채보상로34길 63,중리중학교,1094931.581999999936670,1763638.729999999981374,053-233-6250
학교,고등학교,27290,3147009,대구광역시 달서구 상인로 24,상인고등학교,1094978.891000000061467,1757619.990999999921769,053-231-5160
학교,중학교,27230,2145001,대구광역시 북구 칠곡중앙대로 583,칠곡중학교,1094764.736000000033528,1772895.581000000005588,053-233-6480
학교,고등학교,27230,3145004,대구광역시 북구 검단로 150,성광고등학교,1101444.793999999994412,1768475.399999999906868,053-235-4785
학교,중학교,27230,3145043,대구광역시 북구 침산남로 121,침산중학교,1098239.347000000067055,1766490.102999999886379,053-233-6600
학교,고등학교,27290,3147015,대구광역시 달서구 선원로 221,성서고등학교,1091750.246000000042841,1763067.912999999942258,053-231-4800
학교,중학교,27230,4235211,대구광역시 북구 매천로2길 19-22,팔달중학교,1094297.121000000042841,1767429.513000000035390,053-233-6910
학교,고등학교,27230,3145028,대구광역시 북구 복현로 140,성화여자고등학교,1101092.101999999955297,1767979.816000000108033,053-235-7680
학교,중학교,27170,3143010,대구광역시 서구 통학로 217,대평중학교,1095891.610000000102445,1765374.699000000022352,053-233-7903
학교,고등학교,27290,3147024,대구광역시 달서구 송현로 156,송현여자고등학교,1094495.250000000000000,1759907.624000000068918,053-235-7800
경찰서,경찰서,27230,3145024,대구광역시 북구 동암로 130,대구강북경찰서,1096092.870000000111759,1772387.763999999966472,182
학교,중학교,27170,4229043,대구광역시 서구 국채보상로55길 21,평리중학교,1095829.632999999914318,1764593.252000000094995,053-233-6170
학교,고등학교,27260,3146019,대구광역시 수성구 신매로 6,시지고등학교,1109054.706999999936670,1759966.338999999919906,053-231-4680
경찰서,경찰서,27200,3144003,대구광역시 남구 대명로 249,대구남부경찰서,1097862.968000000109896,1761176.682999999960884,182
학교,중학교,27230,3145050,대구광역시 북구 학남로 83,학남중학교,1096543.567999999970198,1772621.398999999975786,053-233-7777
학교,고등학교,27110,4223016,대구광역시 중구 국채보상로102길 48,신명고등학교,1097865.428000000072643,1764077.868000000016764,053-720-1840
경찰서,경찰서,27290,3147045,대구광역시 달서구 학산로 55,대구달서경찰서,1093350.888000000035390,1759826.252000000094995,182
학교,중학교,27260,3146026,대구광역시 수성구 천을로 71,고산중학교,1108245.459000000031665,1761635.597999999998137,053-232-7510
학교,고등학교,27200,4232351,대구광역시 남구 현충로39길 29,심인고등학교,1097373.712999999988824,1761999.800999999977648,053-235-5050
경찰서,경찰서,27710,3148047,대구광역시 달성군 현풍읍 현풍중앙로 16,대구달성경찰서,1085720.222000000067055,1744308.367000000085682,182
학교,중학교,27290,3007027,대구광역시 달서구 새방로 32,성곡중학교,1092357.546000000089407,1763289.453999999910593,053-234-8000
학교,고등학교,27290,3147029,대구광역시 달서구 월곡로 300,영남고등학교,1093612.638999999966472,1758751.293999999994412,053-235-4000
경찰서,경찰서,27140,3142015,대구광역시 동구 반야월북로 209,대구동부경찰서,1110190.564000000013039,1764881.293000000063330,182
학교,중학교,27710,4244136,대구광역시 달성군 논공읍 논공로7길 43,북동중학교,1084772.810000000055879,1748863.321999999927357,053-235-3564
학교,고등학교,27260,3146004,대구광역시 수성구 교학로 96,영남공업고등학교,1103569.470999999903142,1761928.725000000093132,053-235-8600
경찰서,경찰서,27230,3007022,대구광역시 북구 원대로 100,대구북부경찰서,1097718.000000000000000,1766080.472000000067055,182
학교,중학교,27710,4244365,대구광역시 달성군 다사읍 서재로26길 18,서재중학교,1090220.432000000029802,1764542.860000000102445,053-235-3491
학교,고등학교,27230,3145046,대구광역시 북구 태전로 92,영송여자고등학교,1093984.404000000096858,1770761.800999999977648,053-235-8170
경찰서,경찰서,27170,3007001,대구광역시 서구 국채보상로 249,대구서부경찰서,1095551.946999999927357,1764434.858000000007451,182
학교,중학교,27140,3142011,대구광역시 동구 동호로 112,강동중학교,1110998.100000000093132,1764074.141000000061467,053-232-7615
학교,고등학교,27140,4226333,대구광역시 동구 팔공로50길 32,영신고등학교,1103430.888999999966472,1769867.892999999923632,053-235-4700
경찰서,경찰서,27290,4241053,대구광역시 달서구 달구벌대로259길 15,대구성서경찰서,1091084.056000000098720,1762327.567000000039116,182
학교,중학교,27230,4235236,대구광역시 북구 서변로21길 14,서변중학교,1098843.556000000098720,1770520.577999999979511,053-233-8171
학교,고등학교,27230,4235191,대구광역시 북구 동북로57길 9,영진고등학교,1101270.110000000102445,1767017.260000000009313,053-235-5500
경찰서,경찰서,27260,2007002,대구광역시 수성구 달구벌대로 2460,대구수성경찰서,1102174.720999999903142,1763002.835999999893829,182
학교,중학교,27230,3145013,대구광역시 북구 구암서로 27,강북중학교,1096052.682000000029802,1771858.682999999960884,053-233-8071
학교,고등학교,27260,4238073,대구광역시 수성구 달구벌대로522길 78,오성고등학교,1103368.040999999968335,1762597.431000000098720,053-235-5200
경찰서,경찰서,27110,4223003,대구광역시 중구 경상감영길 55,대구중부경찰서,1098442.570999999996275,1764471.993000000016764,182
학교,중학교,27230,4235173,대구광역시 북구 동변로14길 12,동변중학교,1099749.360000000102445,1769742.570000000065193,053-233-8000
학교,고등학교,27290,4241238,대구광역시 달서구 선원로23북길 20,와룡고등학교,1090618.716999999945983,1763223.618000000016764,053-231-5030
학교,중학교,27710,3148032,대구광역시 달성군 화원읍 성천로 202,천내중학교,1090658.337000000057742,1757453.344999999972060,053-235-3675
학교,고등학교,27230,3145052,대구광역시 북구 학정로 378,운암고등학교,1095949.168999999994412,1771873.638999999966472,053-231-5350
학교,중학교,27260,3146018,대구광역시 수성구 시지로 66,노변중학교,1107868.114999999990687,1760832.431000000098720,(053)232-8046
학교,고등학교,27290,4241097,대구광역시 달서구 당산로30길 30,원화여자고등학교,1094632.824000000022352,1761621.973999999929219,053-235-7101
학교,중학교,27290,4241635,대구광역시 달서구 화암로73길 7,대진중학교,1092113.837999999988824,1757065.425999999977648,053-234-8050
학교,고등학교,27140,4226257,대구광역시 동구 용계로1길 49,정동고등학교,1107679.638000000035390,1765120.108000000007451,053-235-5800
학교,중학교,27290,4241483,대구광역시 달서구 월배로33길 105,월서중학교,1092729.334000000031665,1758621.077000000048429,053-234-8160
학교,고등학교,27260,4238421,대구광역시 수성구 청호로84길 123,정화여자고등학교,1103113.098999999929219,1762032.574999999953434,053-235-7311
학교,중학교,27230,3145026,대구광역시 북구 매전로 56,매천중학교,1094513.712999999988824,1768724.102999999886379,053-233-8241
학교,고등학교,27140,3142022,대구광역시 동구 신덕로 136-11,조일고등학교,1107815.921000000089407,1765713.838999999919906,053-235-9000
학교,중학교,27710,3148027,대구광역시 달성군 다사읍 대실역북로 83,왕선중학교,1087245.262000000104308,1763399.139999999897555,053-235-3765
학교,고등학교,27260,3007020,대구광역시 수성구 신천동로 496,대구중앙고등학교,1100869.641999999992549,1763898.718000000109896,053-790-0000
학교,중학교,27140,3142034,대구광역시 동구 율하동로 20,율원중학교,1108511.328999999910593,1763426.097999999998137,053-232-8200
학교,고등학교,27140,3007001,대구광역시 동구 국채보상로 827,청구고등학교,1101163.699999999953434,1764145.225000000093132,053-235-5000
학교,중학교,27290,3147040,대구광역시 달서구 조암로 59,조암중학교,1092504.983999999938533,1759008.205000000074506,053-234-9321
학교,고등학교,27710,3007026,대구광역시 달성군 현풍읍 비슬로 556-13,포산고등학교,1085770.530999999959022,1744255.134000000078231,053-231-5310
학교,중학교,27140,3142050,대구광역시 동구 이노밸리로 255,새론중학교,1110585.624000000068918,1765425.047999999951571,053-233-5801
학교,고등학교,27710,3007026,대구광역시 달성군 현풍읍 비슬로 675,현풍고등학교,1084882.960999999893829,1745102.365999999921769,053-235-6249
학교,중학교,27290,4241565,대구광역시 달서구 조암로6길 33,월암중학교,1092475.995000000111759,1759447.347999999998137,053-234-8280
학교,고등학교,27200,3144011,대구광역시 남구 효성로 33,협성고등학교,1099220.110000000102445,1760367.206000000005588,053-235-6166
학교,중학교,27230,4235342,대구광역시 북구 칠곡중앙대로136길 29,대구체육중학교,1095383.533999999985099,1774081.283999999985099,053-233-8700
학교,고등학교,27710,3007026,대구광역시 달성군 화원읍 비슬로 2458,화원고등학교,1089388.895999999949709,1756092.898000000044703,053-231-5462
학교,중학교,27290,3147004,대구광역시 달서구 대명천로 167,새본리중학교,1094011.408999999985099,1760823.516999999992549,053-234-7666
학교,고등학교,27290,4241471,대구광역시 달서구 월곡로94길 48,효성여자고등학교,1092882.546000000089407,1760243.510999999940395,053-235-7000
학교,중학교,27230,3145055,대구광역시 북구 내곡로 140,사수중학교,1091670.740999999921769,1767491.784999999916181,053-233-8770
학교,고등학교,27230,4235342,대구광역시 북구 칠곡중앙대로136길 29,대구체육고등학교,1095383.533999999985099,1774081.283999999985099,053-231-7900
학교,중학교,27710,4244650,대구광역시 달성군 유가읍 테크노대로5길 20,유가중학교,1087552.732000000076368,1744306.625999999931082,053-235-2750
학교,고등학교,27290,3147005,대구광역시 달서구 도원남로 80,대곡고등학교,1093682.675000000046566,1756805.855999999912456,053-231-5668
학교,중학교,27140,4226219,대구광역시 동구 아양로39길 30,신아중학교,1102432.253999999957159,1766333.162000000011176,053-232-7130
학교,고등학교,27290,4241222,대구광역시 달서구 새방로7길 33,성산고등학교,1092095.678000000072643,1763334.703999999910593,053-231-5700
학교,중학교,27710,4244498,대구광역시 달성군 현풍읍 지동길 31,한울안중학교,1084245.260000000009313,1741813.888000000035390,053-233-9970
학교,고등학교,27230,3145050,대구광역시 북구 학남로 78,학남고등학교,1096428.510999999940395,1772704.158999999985099,053-231-5870
학교,대학,27200,3144010,대구광역시 남구 현충로 170,영남이공대학교,1097903.320000000065193,1761781.164000000106171,053-650-9114
학교,중학교,27710,4244358,대구광역시 달성군 다사읍 서재로12길 11-11,서동중학교,1089997.152000000001863,1763910.932000000029802,053-233-9810
학교,고등학교,27290,4241166,대구광역시 달서구 미리샘길 52,도원고등학교,1094460.132999999914318,1757040.334999999962747,053-231-6000
학교,중학교,27170,4229181,대구광역시 서구 북비산로45길 7,서대구중학교,1095370.422999999951571,1765376.216999999945983,532337872
학교,고등학교,27140,3142003,대구광역시 동구 금강로 65,강동고등학교,1111012.003000000026077,1763964.408000000054017,053-231-6310
학교,고등학교,27260,3146032,대구광역시 수성구 효행로 17,동문고등학교,1103902.218000000109896,1765135.732000000076368,053-231-6200
학교,고등학교,27140,4226350,대구광역시 동구 팔공산로2길 16,달구벌고등학교,1100124.033999999985099,1778098.289000000106171,053-235-9845
학교,대학,27230,3145028,대구광역시 북구 복현로 35,영진사이버대학교,1101133.655999999959022,1767139.104999999981374,053-940-5500
학교,고등학교,27260,4238335,대구광역시 수성구 용학로28길 36,수성고등학교,1101668.597999999998137,1758895.996999999973923,053-231-6430
학교,대학,27230,3145028,대구광역시 북구 복현로 35,영진전문대학교,1101133.655999999959022,1767139.104999999981374,053-940-5132
학교,고등학교,27290,4241635,대구광역시 달서구 화암로73길 15,대진고등학교,1092006.935000000055879,1757061.277000000001863,053-231-6592
학교,고등학교,27230,3145026,대구광역시 북구 매전로 70,매천고등학교,1094510.182000000029802,1768828.152999999932945,053-231-6700
학교,고등학교,27230,4235484,대구광역시 북구 학정로48길 46,함지고등학교,1095666.985000000102445,1770648.061999999918044,053-231-6840
학교,고등학교,27290,4241078,대구광역시 달서구 달서대로109길 86,호산고등학교,1088657.624000000068918,1761836.784999999916181,053-231-7100
학교,고등학교,27230,3145041,대구광역시 북구 칠성로 13,칠성고등학교,1098502.465000000083819,1765441.286000000080094,053-231-6910
학교,고등학교,27140,3000052,대구광역시 동구 경안로 987,대구일과학고등학교,1110359.277999999932945,1766242.026000000070781,053-231-7700
학교,고등학교,27710,3341005,대구광역시 달성군 현풍읍 테크노북로 100,비슬고등학교,1086366.514999999897555,1744781.154000000096858,053-231-9700
우체국,우정청,27140,3142010,대구광역시 동구 동촌로 1,경북지방우정청,1103270.175000000046566,1766797.648999999975786,053-940-1518
고용,고용센터,27230,2145001,대구광역시 북구 칠곡중앙대로 318,대구강북고용복지플러스센터,1094485.507999999914318,1770214.357000000076368,053-606-8000
고용,고용센터,27260,3007004,대구광역시 수성구 동대구로 392,대구고용복지플러스센터,1101788.081999999936670,1763785.601999999955297,053-667-6000
고용,고용센터,27140,3142028,대구광역시 동구 아양로 22,대구동부고용복지플러스센터,1100802.509000000078231,1765558.804000000003725,053-667-6900
고용,고용센터,27710,4244145,대구광역시 달성군 논공읍 논공중앙로34길 1,대구달성고용복지플러스센터,1086280.064000000013039,1748572.425999999977648,053-605-9510
고용,고용센터,27170,3143006,대구광역시 서구 서대구로 9,대구서부고용복지플러스센터,1095410.766999999992549,1762985.621000000042841,053-605-6500
학교,대학,27170,4229035,대구광역시 서구 국채보상로43길 15,한국폴리텍 VI 대학 대구캠퍼스,1095058.804999999934807,1764680.010000000009313,053-560-3131
학교,대학,27140,3000048,대구광역시 동구 팔공로 222,한국폴리텍 특성화대학 섬유패션캠퍼스,1103032.773000000044703,1769889.722000000067055,010-3292-7477
학교,초등학교,27110,2007002,대구광역시 중구 달구벌대로 2150,경북대학교사범대학부설초등학교,1099141.570999999996275,1763561.783000000054017,053-425-2940
학교,초등학교,27290,3147005,대구광역시 달서구 도원남로 19,대구교육대학교대구부설초등학교,1093275.428000000072643,1757104.560999999986961,053-234-5332
학교,초등학교,27200,4232314,대구광역시 남구 중앙대로47길 55,남대구초등학교,1098104.428000000072643,1762437.209999999962747,053-234-1711
학교,초등학교,27290,3143012,대구광역시 달서구 당산로 123,대구감삼초등학교,1094377.205000000074506,1761909.652999999932945,053-234-2000
학교,초등학교,27290,4241023,대구광역시 달서구 구마로12길 60,대구감천초등학교,1093305.449000000022352,1760350.090000000083819,053-234-2730
학교,초등학교,27200,4232237,대구광역시 남구 앞산순환로93길 33,대구남덕초등학교,1096997.692999999970198,1760150.122999999905005,053-234-2365
학교,초등학교,27200,4232332,대구광역시 남구 현충동길 74,대구남도초등학교,1097655.439000000013039,1761402.884000000078231,053-234-0882
학교,초등학교,27200,4232325,대구광역시 남구 큰골4길 41,대구남명초등학교,1097722.503999999957159,1760302.551999999908730,053-234-1940
학교,초등학교,27290,4241384,대구광역시 달서구 야외음악당로15길 46,대구남부초등학교,1094817.793000000063330,1761388.699999999953434,053-234-1006
학교,초등학교,27290,3147024,대구광역시 달서구 송현로 192,대구남송초등학교,1094413.732000000076368,1760326.838999999919906,053-234-2203
학교,초등학교,27290,3141013,대구광역시 달서구 명덕로 22-9,대구내당초등학교,1096822.820000000065193,1763207.499000000068918,053-234-0401
학교,초등학교,27290,3147047,대구광역시 달서구 한실로 43,대구노전초등학교,1093167.871999999973923,1757348.095999999903142,053-234-3370
학교,초등학교,27290,3147005,대구광역시 달서구 도원남로 60,대구대곡초등학교,1093578.401000000070781,1756811.554999999934807,053-234-3204
학교,초등학교,27290,4241498,대구광역시 달서구 월배로68길 91,대구대남초등학교,1095003.246000000042841,1759143.969999999972060,053-234-2113
학교,초등학교,27200,3144005,대구광역시 남구 대명서로 28,대구대덕초등학교,1095892.260000000009313,1759846.497999999905005,053-234-1051
학교,초등학교,27200,3144003,대구광역시 남구 대명로 100,대구대명초등학교,1096533.524999999906868,1760788.958000000100583,053-234-0203
학교,초등학교,27200,4232099,대구광역시 남구 대봉로26길 33,대구대봉초등학교,1099761.181000000098720,1762246.041999999899417,053-234-0301
학교,초등학교,27290,3147024,대구광역시 달서구 송현로 9,대구대서초등학교,1094847.135999999940395,1758693.810000000055879,053-234-2500
학교,초등학교,27290,3146015,대구광역시 달서구 상화로 70,대구대진초등학교,1092309.840000000083819,1757167.385999999940395,053-234-4264
학교,초등학교,27290,4241118,대구광역시 달서구 대명천로43길 66,대구덕인초등학교,1093425.688000000081956,1760722.462000000057742,053-234-2274
학교,초등학교,27290,3147005,대구광역시 달서구 도원남로 100-30,대구도원초등학교,1094158.063000000081956,1756972.647000000113621,053-234-3540
학교,초등학교,27290,3147036,대구광역시 달서구 장기로 198,대구본리초등학교,1093795.017999999923632,1761392.598999999929219,053-234-1203
학교,초등학교,27200,3144011,대구광역시 남구 효성로 71,대구봉덕초등학교,1099057.422000000020489,1760907.422000000020489,053-234-0571
학교,초등학교,27290,4241455,대구광역시 달서구 월곡로20길 15,대구상원초등학교,1094927.448000000091270,1757166.243999999947846,053-234-3018
고용,위원회,27260,3007004,대구광역시 수성구 동대구로 231,경북지방노동위원회,1101539.966999999945983,1762188.323000000091270,053-667-6500
학교,초등학교,27290,3147029,대구광역시 달서구 월곡로 211,대구상인초등학교,1094196.942000000039116,1757886.634000000078231,053-234-1300
학교,초등학교,27290,4241239,대구광역시 달서구 선원로33길 105,대구선원초등학교,1091688.574000000022352,1763202.307999999960884,053-234-3650
학교,초등학교,27290,3147014,대구광역시 달서구 선원남로 127,대구성곡초등학교,1091510.583000000100583,1762868.739000000059605,053-234-4400
학교,초등학교,27290,4241261,대구광역시 달서구 성당로47길 35,대구성남초등학교,1096822.980999999912456,1762396.443999999901280,053-234-0741
학교,초등학교,27290,3147004,대구광역시 달서구 대명천로 118,대구성당초등학교,1094581.622999999905005,1760957.039000000106171,053-234-1904
학교,초등학교,27200,4232191,대구광역시 남구 성당로30길 55,대구성명초등학교,1096700.652999999932945,1761488.466999999945983,053-234-0910
학교,초등학교,27290,3147014,대구광역시 달서구 선원남로 173,대구성산초등학교,1091998.779000000096858,1762851.276000000070781,053-234-3725
학교,초등학교,27290,2007002,대구광역시 달서구 달구벌대로 1339,대구성서초등학교,1091601.989000000059605,1762189.007999999914318,053-234-1120
학교,초등학교,27290,3147012,대구광역시 달서구 새동네로 27,대구성지초등학교,1091985.675000000046566,1762340.352999999886379,053-234-3275
학교,초등학교,27290,4241613,대구광역시 달서구 학산로2길 38,대구송일초등학교,1093293.567999999970198,1759119.698000000091270,053-234-2640
학교,초등학교,27290,3147024,대구광역시 달서구 송현로 128,대구송현초등학교,1094373.095999999903142,1759635.648000000044703,053-234-1481
학교,초등학교,27290,3147013,대구광역시 달서구 서당로 14,대구신당초등학교,1089960.520999999949709,1762320.019000000087544,053-234-3030
학교,초등학교,27290,4241244,대구광역시 달서구 계대동문로3길 46,대구신서초등학교,1089815.990999999921769,1762833.297999999951571,053-234-3820
고용,지방청,27260,3007004,대구광역시 수성구 동대구로 231,대구지방고용노동청,1101539.966999999945983,1762188.323000000091270,053-667-6200
학교,초등학교,27290,3007009,대구광역시 달서구 두류공원로 257,대구신흥초등학교,1095379.509000000078231,1762717.222000000067055,053-234-0700
학교,초등학교,27200,4232252,대구광역시 남구 영선길 96,대구영선초등학교,1098966.158000000054017,1762372.682999999960884,053-234-0470
학교,초등학교,27290,3147014,대구광역시 달서구 선원남로 22,대구와룡초등학교,1090459.033000000054017,1762744.243000000016764,053-234-3081
학교,초등학교,27290,4241433,대구광역시 달서구 와룡로49길 80,대구용산초등학교,1093187.658000000054017,1762567.583000000100583,053-234-2123
학교,초등학교,27290,3147027,대구광역시 달서구 용산로 260,대구용전초등학교,1093105.165000000037253,1763217.411000000080094,053-234-4074
학교,초등학교,27290,3147009,대구광역시 달서구 상인로 40,대구월곡초등학교,1094793.223999999929219,1757807.602999999886379,053-234-2920
학교,초등학교,27290,3007013,대구광역시 달서구 월배로 131,대구월배초등학교,1092898.046000000089407,1758260.209999999962747,053-234-1406
학교,초등학교,27290,4241620,대구광역시 달서구 학산로7길 26,대구월성초등학교,1093202.013000000035390,1759890.212000000057742,053-234-2584
학교,초등학교,27290,3147010,대구광역시 달서구 상인서로 60,대구월촌초등학교,1094246.638000000035390,1758267.210999999893829,053-234-2876
학교,초등학교,27290,3147014,대구광역시 달서구 선원남로 120,대구이곡초등학교,1091531.500000000000000,1762730.030999999959022,053-234-3563
학교,초등학교,27290,3147036,대구광역시 달서구 장기로 280,대구장기초등학교,1092925.881000000052154,1761363.291999999899417,053-234-4172
고용,지청,27290,3007031,대구광역시 달서구 화암로 301,대구서부지청,1091897.294999999925494,1756954.833000000100583,053-605-9000
학교,초등학교,27290,3147038,대구광역시 달서구 장산로 30,대구장산초등학교,1092686.986000000033528,1762519.334999999962747,053-234-3901
학교,초등학교,27290,4241571,대구광역시 달서구 죽전길 127,대구죽전초등학교,1093895.257999999914318,1762859.560000000055879,053-234-1801
학교,초등학교,27290,4241590,대구광역시 달서구 진천로4길 32,대구진월초등학교,1092895.695999999996275,1757646.868000000016764,053-234-2399
학교,초등학교,27290,4241216,대구광역시 달서구 상화로9길 65,대구진천초등학교,1092109.335999999893829,1757681.671000000089407,053-234-1564
학교,초등학교,27290,4241079,대구광역시 달서구 달서대로109안길 76,대구파호초등학교,1088628.915999999968335,1762005.577999999979511,053-234-4093
우체국,취급국,27110,3141005,대구광역시 중구 동덕로 130,대구동덕취급국,1099693.360000000102445,1763862.794999999925494,053-427-6789
학교,초등학교,27290,3147031,대구광역시 달서구 월성로 76,대구학산초등학교,1092676.750000000000000,1759887.090000000083819,053-234-2453
우체국,취급국,27140,3142009,대구광역시 동구 동부로 76,대구신천3동우편취급국,1101167.125000000000000,1764850.465000000083819,053-752-5757
학교,초등학교,27200,3007012,대구광역시 남구 앞산순환로 707,대구효명초등학교,1099444.182999999960884,1760353.814000000013039,053-234-1701
우체국,취급국,27140,3142028,대구광역시 동구 아양로 352,동대구우체국 제304군사우편출장소,1103389.220999999903142,1767101.324999999953434,053-985-0014
학교,초등학교,27290,3147024,대구광역시 달서구 송현로 81,효성초등학교,1094211.834999999962747,1759121.679999999934807,053-720-5500
우체국,취급국,27140,3142042,대구광역시 동구 해동로 207,동대구우체국 동촌출장소,1103913.424000000115484,1766080.669999999925494,053-983-1100
학교,초등학교,27710,3148002,대구광역시 달성군 가창면 가창로 640,대구가창초등학교,1103788.516000000061467,1753347.743999999947846,053-235-1130
우체국,취급국,27140,4226377,대구광역시 동구 화랑로80길 8,대구강촌우편취급국,1105288.810000000055879,1764995.300999999977648,053-985-2220
학교,초등학교,27710,4244502,대구광역시 달성군 구지면 창리로11길 45-11,대구구지초등학교,1082598.081999999936670,1740832.191000000108033,053-235-0702
우체국,취급국,27140,4226276,대구광역시 동구 율하동로20길 30,대구모란우편취급국,1108821.743999999947846,1764126.416999999899417,053-963-0999
학교,초등학교,27710,4244086,대구광역시 달성군 옥포읍 금계길 55,대구금계초등학교,1085283.851999999955297,1755123.665000000037253,053-235-0343
우체국,취급국,27140,4226302,대구광역시 동구 팔공로101길 63,대구팔공우편취급국,1102904.700999999884516,1772174.168999999994412,053-981-7176
학교,초등학교,27710,4244092,대구광역시 달성군 논공읍 금포초등길 28,대구금포초등학교,1083651.209000000031665,1753494.635000000009313,053-235-0440
우체국,취급국,27170,4229348,대구광역시 서구 평리로50길 28,대구내당4동우편취급국,1094863.165999999968335,1763137.543000000063330,053-566-1235
학교,초등학교,27710,3148011,대구광역시 달성군 논공읍 논공로 258,대구남동초등학교,1086503.628000000026077,1748013.679000000003725,053-235-1210
우체국,취급국,27170,3143007,대구광역시 서구 염색공단로 17,대구염색공단우편취급국,1095120.604999999981374,1766254.898999999975786,053-353-9005
학교,초등학교,27710,3148013,대구광역시 달성군 다사읍 다사로 86,대구다사초등학교,1086529.510999999940395,1764075.502000000094995,053-235-0805
우체국,취급국,27170,3143005,대구광역시 서구 북비산로 311,대구평리1동우편취급국,1096347.757999999914318,1765317.543000000063330,053-562-9717
학교,초등학교,27710,4244176,대구광역시 달성군 하빈면 달구벌대로55길 104-4,대구동곡초등학교,1082805.743999999947846,1765141.784999999916181,053-235-0777
우체국,취급국,27170,4229233,대구광역시 서구 서대구로42길 42,대구대평리우편취급국,1095636.702000000048429,1765008.820999999996275,053-559-4566
학교,초등학교,27710,4244445,대구광역시 달성군 옥포읍 용연사길 5,대구반송초등학교,1089925.391999999992549,1751595.509000000078231,053-235-0392
우체국,취급국,27170,3143004,대구광역시 서구 문화로 164,대구이현공단우편취급국,1094844.296000000089407,1764730.700999999884516,053-555-0507
학교,초등학교,27710,4244120,대구광역시 달성군 논공읍 논공로11길 18,대구북동초등학교,1085128.972999999998137,1748537.620000000111759,053-235-0493
우체국,취급국,27200,3141012,대구광역시 남구 대봉로 100,대구이천동우편취급국,1099713.243000000016764,1761816.475000000093132,053-473-3585
학교,초등학교,27710,3007019,대구광역시 달성군 다사읍 서재로 100,대구서재초등학교,1090128.220999999903142,1764388.553000000072643,053-235-0902
우체국,취급국,27200,3144007,대구광역시 남구 봉덕로 61,대구봉덕1동우편취급국,1099114.124000000068918,1761530.250000000000000,053-475-8585
학교,초등학교,27710,3007026,대구광역시 달성군 옥포읍 비슬로 2220,대구옥포초등학교,1087130.962000000057742,1755025.077999999979511,053-235-0303
우체국,취급국,27200,4232279,대구광역시 남구 자유1길 5,대구대명9동우편취급국,1097848.960999999893829,1761024.135000000009313,053-627-9288
학교,초등학교,27710,4244018,대구광역시 달성군 가창면 가창로221길 1,대구용계초등학교,1101338.257999999914318,1757037.855999999912456,053-235-1055
우체국,취급국,27200,3144003,대구광역시 남구 대명로 38,대구성명우편취급국,1095900.290999999968335,1760731.939999999944121,053-626-0014
학교,초등학교,27710,4244650,대구광역시 달성군 유가읍 테크노대로5길 34,대구유가초등학교,1087558.933999999891967,1744430.051999999908730,053-235-2578
우체국,취급국,27230,3145043,대구광역시 북구 침산남로 163,대구침산2동우편취급국,1098699.567999999970198,1766257.929000000003725,053-314-3700
학교,초등학교,27710,3000062,대구광역시 달성군 하빈면 하빈로 391-1,대구하빈초등학교,1085016.837999999988824,1767630.608000000007451,053-235-1000
우체국,취급국,27230,4235110,대구광역시 북구 노원로25길 23,대구제3공단우편취급국,1096839.066000000108033,1767423.335999999893829,053-357-3002
학교,초등학교,27710,4244271,대구광역시 달성군 현풍읍 비슬로134길 167-6,대구현풍초등학교,1085808.969999999972060,1745064.693999999901280,053-235-0584
우체국,취급국,27230,3145021,대구광역시 북구 대학로 80,경북대학교우편취급국,1100567.553000000072643,1766401.909999999916181,053-955-5281
학교,초등학교,27710,3148049,대구광역시 달성군 화원읍 명천로 181,대구화남초등학교,1090182.512000000104308,1756404.993000000016764,053-235-1272
우체국,취급국,27230,3145004,대구광역시 북구 검단로 117,대구유성아파트우편취급국,1101076.837000000057742,1768447.436999999918044,053-383-1510
학교,초등학교,27710,3007026,대구광역시 달성군 화원읍 비슬로 2580,대구화원초등학교,1090291.487999999895692,1756747.344000000040978,053-235-0205
우체국,취급국,27230,4235490,대구광역시 북구 호국로51길 45-6,대구무태우편취급국,1098677.415000000037253,1770389.337000000057742,053-951-1088
학교,초등학교,27110,3141004,대구광역시 중구 달성로 15,계성초등학교,1097607.750999999931082,1763773.946999999927357,053-253-4191
우체국,취급국,27230,4235348,대구광역시 북구 칠곡중앙대로52길 71,대구칠곡1동우편취급국,1094743.293000000063330,1770283.554999999934807,053-314-3700
학교,초등학교,27260,4238420,대구광역시 수성구 청호로76길 12,대구경동초등학교,1102882.823000000091270,1762340.750000000000000,053-232-2982
우체국,취급국,27260,3146012,대구광역시 수성구 범어로 76,대구대동우편취급국,1102547.385000000009313,1762766.283000000054017,053-752-0444
학교,초등학교,27260,2007002,대구광역시 수성구 달구벌대로 3067,대구고산초등학교,1107750.445000000065193,1761482.878999999957159,053-232-2670
학교,초등학교,27140,4226303,대구광역시 동구 팔공로197길 35,대구공산초등학교,1107369.647000000113621,1773961.618000000016764,053-232-2200
학교,초등학교,27110,3141001,대구광역시 중구 남산로 70,대구남산초등학교,1097756.693999999901280,1763506.449000000022352,053-232-0314
학교,초등학교,27260,3146005,대구광역시 수성구 노변공원로 52,대구노변초등학교,1108162.556000000098720,1760799.097999999998137,053-232-4545
학교,초등학교,27260,4238022,대구광역시 수성구 교학로12길 42,대구대청초등학교,1103856.899999999906868,1762209.703999999910593,053-232-3500
학교,초등학교,27140,4226215,대구광역시 동구 아양로34길 50,대구덕성초등학교,1101860.193999999901280,1765645.256999999983236,053-232-3402
학교,초등학교,27110,4223075,대구광역시 중구 동덕로26길 20,대구동덕초등학교,1099730.992000000085682,1763693.872999999905005,053-232-0844
학교,초등학교,27260,4238131,대구광역시 수성구 동대구로57길 8,대구동도초등학교,1101489.236999999964610,1762866.854999999981374,053-232-0482
학교,초등학교,27260,4238468,대구광역시 수성구 효행로2길 111,대구동문초등학교,1104028.587999999988824,1764863.735000000102445,053-232-3242
학교,초등학교,27140,4226200,대구광역시 동구 신암북로7길 22,대구동부초등학교,1101072.304999999934807,1766292.845999999903142,053-232-1844
학교,초등학교,27260,4238121,대구광역시 수성구 동대구로42길 29,대구동산초등학교,1101871.007999999914318,1761983.875000000000000,053-232-2894
보훈,보훈,27140,4226075,대구광역시 동구 동북로71길 33,국립신암선열공원관리소,1102088.264999999897555,1766593.737999999895692,053-945-5141
학교,초등학교,27260,3146017,대구광역시 수성구 수성로 311,대구동성초등학교,1100473.155000000027940,1762450.074999999953434,053-232-1506
학교,초등학교,27140,3142020,대구광역시 동구 송라로 123,대구동신초등학교,1100651.212000000057742,1765206.391000000061467,053-232-1703
학교,초등학교,27260,3007001,대구광역시 수성구 국채보상로 1000,대구동원초등학교,1102910.348999999929219,1763746.573000000091270,053-232-2182
학교,초등학교,27110,3007001,대구광역시 중구 국채보상로 728,대구동인초등학교,1100165.426999999908730,1764070.527000000001863,053-232-0733
학교,초등학교,27260,3146008,대구광역시 수성구 들안로 311,대구동일초등학교,1100843.956000000005588,1762970.652000000001863,053-232-3200
학교,초등학교,27260,4238250,대구광역시 수성구 상록로16길 20,대구동천초등학교,1101596.291999999899417,1763834.182000000029802,053-232-1484
학교,초등학교,27140,3142010,대구광역시 동구 동촌로 168,대구동촌초등학교,1104609.145999999949709,1765668.878000000026077,053-232-1000
학교,초등학교,27260,4238135,대구광역시 수성구 동대구로6길 31,대구두산초등학교,1101707.973999999929219,1760151.465000000083819,053-232-3592
학교,초등학교,27260,4238045,대구광역시 수성구 국채보상로214길 33,대구만촌초등학교,1103642.932000000029802,1764010.156999999890104,053-232-2010
학교,초등학교,27260,4238100,대구광역시 수성구 달구벌대로647길 30,대구매호초등학교,1109466.139999999897555,1761232.260000000009313,053-232-4580
학교,초등학교,27110,4223036,대구광역시 중구 남산로2길 125,대구명덕초등학교,1098329.483000000007451,1762880.239999999990687,053-232-0606
학교,초등학교,27140,4226241,대구광역시 동구 안심로49길 70,대구반야월초등학교,1109306.736999999964610,1764199.801999999908730,053-232-2373
학교,초등학교,27140,4226093,대구광역시 동구 동촌로42길 35-14,대구방촌초등학교,1104981.354999999981374,1765520.218000000109896,053-232-3430
학교,초등학교,27260,4238370,대구광역시 수성구 지범로41길 33,대구범물초등학교,1103417.733999999938533,1758938.516000000061467,053-232-4047
학교,초등학교,27260,4238062,대구광역시 수성구 달구벌대로489길 55,대구범어초등학교,1102275.337999999988824,1763273.492000000085682,053-232-1782
학교,초등학교,27260,4238231,대구광역시 수성구 범안로4길 22,대구범일초등학교,1102879.510000000009313,1758358.790999999968335,053-232-4120
학교,초등학교,27260,4238227,대구광역시 수성구 범안로20길 8,대구복명초등학교,1103635.331000000005588,1758513.101999999955297,053-232-4792
학교,초등학교,27140,4226147,대구광역시 동구 방천로3길 19,대구불로초등학교,1102294.064999999944121,1767355.969000000040978,053-232-3293
학교,초등학교,27110,4223058,대구광역시 중구 달구벌대로447길 10,대구삼덕초등학교,1100021.063000000081956,1763566.770000000018626,053-232-0473
학교,초등학교,27140,3142040,대구광역시 동구 파계로 525-11,대구서촌초등학교,1102028.898999999975786,1776552.111000000033528,053-232-2323
학교,초등학교,27260,4238412,대구광역시 수성구 청수로45길 27,대구성동초등학교,1102256.726999999955297,1761079.314000000013039,053-232-2800
학교,초등학교,27140,4226251,대구광역시 동구 안심로90길 9,대구송정초등학교,1111403.878999999957159,1764484.904000000096858,053-232-2544
학교,초등학교,27260,4238255,대구광역시 수성구 상화로5길 40,대구수성초등학교,1100302.537999999942258,1760647.780999999959022,053-232-0709
학교,초등학교,27110,4223065,대구광역시 중구 달성로22길 30,대구수창초등학교,1097802.817000000039116,1764727.287999999942258,053-232-0302
학교,초등학교,27140,3142021,대구광역시 동구 숙천로 17,대구숙천초등학교,1113135.685000000055879,1765212.952999999979511,053-232-9800
학교,초등학교,27260,4238096,대구광역시 수성구 달구벌대로631길 17,대구시지초등학교,1108657.855999999912456,1761476.083000000100583,053-232-4304
학교,초등학교,27260,4238102,대구광역시 수성구 달구벌대로650길 26,대구신매초등학교,1109206.391000000061467,1760656.199999999953434,053-232-4271
학교,초등학교,27140,4226075,대구광역시 동구 동북로71길 29,대구신성초등학교,1101891.915000000037253,1766535.107000000076368,053-232-2854
보훈,보훈,27290,3007031,대구광역시 달서구 화암로 301,대구지방보훈청,1091897.294999999925494,1756954.833000000100583,053-230-6010
학교,초등학교,27140,4226176,대구광역시 동구 송라로6길 5,대구신천초등학교,1101199.378999999957159,1764478.516000000061467,053-232-1173
학교,초등학교,27140,3142028,대구광역시 동구 아양로 221,대구아양초등학교,1102661.776000000070781,1766248.904000000096858,053-232-1300
학교,초등학교,27140,4226278,대구광역시 동구 율하동로23길 66,대구안일초등학교,1107899.629999999888241,1764530.695999999996275,053-232-2501
학교,초등학교,27260,3146025,대구광역시 수성구 지산로 12,대구용지초등학교,1102324.185000000055879,1758986.432000000029802,053-232-3789
학교,초등학교,27140,4226098,대구광역시 동구 동촌로56길 82,대구용호초등학교,1105829.182000000029802,1765165.299000000115484,053-232-4707
보훈,보훈,27290,3007031,대구광역시 달서구 화암로 301,제대군인지원센터,1091897.294999999925494,1756954.833000000100583,1577-6339
학교,초등학교,27260,3146019,대구광역시 수성구 신매로 20,대구욱수초등학교,1109079.835999999893829,1760104.986999999964610,053-232-4400
학교,초등학교,27140,4226273,대구광역시 동구 율하동로15길 1,대구율하초등학교,1108460.830000000074506,1764124.344000000040978,053-232-4004
학교,초등학교,27140,3142028,대구광역시 동구 아양로 300,대구입석초등학교,1103245.960999999893829,1766609.371000000042841,053-232-3903
학교,초등학교,27110,4223003,대구광역시 중구 경상감영길 49,대구종로초등학교,1098373.266000000061467,1764536.681000000098720,053-232-0800
학교,초등학교,27140,4226301,대구광역시 동구 파계로6길 54-3,대구지묘초등학교,1102729.493000000016764,1772393.804999999934807,053-232-2311
학교,초등학교,27260,4238366,대구광역시 수성구 지범로31길 45,대구지봉초등학교,1103047.902000000001863,1759377.232000000076368,053-232-3847
학교,초등학교,27260,4238358,대구광역시 수성구 지범로17길 3-14,대구지산초등학교,1102065.617000000085682,1759552.678000000072643,053-232-0907
학교,초등학교,27110,4223099,대구광역시 중구 명륜로23길 80,대구초등학교,1098899.817999999970198,1763604.165999999968335,053-232-0204
학교,초등학교,27260,4238455,대구광역시 수성구 파동로51길 34,대구파동초등학교,1100031.897000000113621,1759180.412000000011176,053-232-3099
학교,초등학교,27140,3000048,대구광역시 동구 팔공로 220-4,대구해서초등학교,1103123.549000000115484,1769655.992000000085682,053-232-1103
학교,초등학교,27140,3142030,대구광역시 동구 옻골로 50,대구해안초등학교,1106764.980999999912456,1767262.720999999903142,053-232-0951
학교,초등학교,27260,4238163,대구광역시 수성구 들안로32길 22,대구황금초등학교,1100997.088999999919906,1761434.983999999938533,053-232-2040
학교,초등학교,27140,3142043,대구광역시 동구 효동로 78-7,대구효동초등학교,1103326.317000000039116,1765886.054999999934807,053-232-3703
학교,초등학교,27140,4226367,대구광역시 동구 화랑로27길 25,대구효목초등학교,1103050.503999999957159,1764982.257999999914318,053-232-1666
학교,초등학교,27140,4226071,대구광역시 동구 동부로34길 70,대구효신초등학교,1102200.352999999886379,1764602.483999999938533,053-232-1913
학교,초등학교,27140,3142025,대구광역시 동구 신암남로 45,동대구초등학교,1101185.658999999985099,1765369.958000000100583,053-232-1404
학교,초등학교,27260,3146028,대구광역시 수성구 청수로 22-23,대구삼육초등학교,1100301.976000000024214,1760930.759000000078231,053-232-5964
학교,초등학교,27140,4226333,대구광역시 동구 팔공로50길 32,영신초등학교,1103430.888999999966472,1769867.892999999923632,053-232-5900
학교,초등학교,27230,3145013,대구광역시 북구 구암서로 50,대구강북초등학교,1096218.543999999994412,1772099.960999999893829,053-233-3655
학교,초등학교,27170,4229350,대구광역시 서구 평리로54길 16,대구경운초등학교,1095047.122999999905005,1763214.763000000035390,053-233-1703
학교,초등학교,27230,4235035,대구광역시 북구 경진로12길 5,대구경진초등학교,1100819.972000000067055,1766734.030999999959022,053-233-2668
학교,초등학교,27230,4235361,대구광역시 북구 칠곡중앙대로91길 10,대구관남초등학교,1094511.726000000024214,1771634.921000000089407,053-233-3850
학교,초등학교,27230,4235055,대구광역시 북구 관음동로17길 16,대구관음초등학교,1094447.148999999975786,1771976.469000000040978,053-233-2892
학교,초등학교,27230,4235081,대구광역시 북구 구암로22길 17,대구관천초등학교,1094902.884000000078231,1770944.452000000048429,053-233-3042
학교,초등학교,27230,4235069,대구광역시 북구 관음중앙로34길 4,대구교동초등학교,1094650.462000000057742,1772514.635999999940395,053-233-3363
학교,초등학교,27230,3145052,대구광역시 북구 학정로 245,대구구암초등학교,1095420.691000000108033,1770682.533999999985099,053-233-3180
학교,초등학교,27170,4229077,대구광역시 서구 달구벌대로371길 35,대구내서초등학교,1096311.314999999944121,1763554.510000000009313,053-233-2831
학교,초등학교,27230,4235293,대구광역시 북구 옥산로17길 37,대구달산초등학교,1097945.442000000039116,1766220.970999999903142,053-233-2601
학교,초등학교,27170,4229025,대구광역시 서구 국채보상로34길 35,대구달서초등학교,1094840.794999999925494,1763878.831999999936670,053-233-1900
학교,초등학교,27170,3007016,대구광역시 서구 고성로 127,대구달성초등학교,1097425.290000000037253,1765672.412000000011176,053-233-0293
학교,초등학교,27230,3007020,대구광역시 북구 신천동로 900,대구대산초등학교,1098657.716000000014901,1767163.121999999973923,053-233-2300
학교,초등학교,27170,3007001,대구광역시 서구 국채보상로 426,대구대성초등학교,1097241.003999999957159,1764294.151000000070781,053-233-0608
학교,초등학교,27230,4235080,대구광역시 북구 구암로21길 54,대구대천초등학교,1095104.352999999886379,1771682.644000000087544,053-233-3439
학교,초등학교,27230,3145011,대구광역시 북구 구리로 202,대구도남초등학교,1097150.591000000014901,1772977.958000000100583,053-233-2205
학교,초등학교,27230,3145025,대구광역시 북구 동천로 84,대구동평초등학교,1095678.551999999908730,1771885.691000000108033,053-233-3865
학교,초등학교,27170,4229073,대구광역시 서구 달구벌대로357길 22,대구두류초등학교,1095696.352999999886379,1763303.331999999936670,053-233-2712
학교,초등학교,27230,3145027,대구광역시 북구 매천로 179,대구매천초등학교,1093930.379999999888241,1769020.671000000089407,053-233-2134
경찰서,지구대,27230,3145024,대구광역시 북구 동암로 171,강북지구대,1096484.006000000052154,1772415.155000000027940,053-380-3191
학교,초등학교,27230,3145028,대구광역시 북구 복현로 180,대구문성초등학교,1101099.871000000042841,1768268.922999999951571,053-233-0804
경찰서,지구대,27230,3145012,대구광역시 북구 구암로 157,동천지구대,1095441.966000000014901,1771095.010000000009313,053-380-3192
학교,초등학교,27230,3007002,대구광역시 북구 공항로 58,대구복현초등학교,1101217.786000000080094,1767356.499000000068918,053-233-1804
경찰서,지구대,27200,3144009,대구광역시 남구 양지로 100,동대명지구대,1097440.284999999916181,1762171.507999999914318,053-474-0112
학교,초등학교,27230,3145025,대구광역시 북구 동천로 20,대구북부초등학교,1095542.337000000057742,1771275.665999999968335,053-233-3096
경찰서,지구대,27200,3144007,대구광역시 남구 봉덕로 87,봉천지구대,1099354.158000000054017,1761501.749000000068918,053-475-0112
학교,초등학교,27170,4229329,대구광역시 서구 통학로48길 7,대구북비산초등학교,1096094.090000000083819,1765518.479000000050291,053-233-1505
경찰서,지구대,27290,3147010,대구광역시 달서구 상인서로 36,상인지구대,1094403.821999999927357,1758011.725000000093132,053-638-0112
학교,초등학교,27170,4229105,대구광역시 서구 달서로45길 30,대구비봉초등학교,1096460.254999999888241,1765659.712999999988824,053-233-2774
경찰서,지구대,27290,3147045,대구광역시 달서구 학산로 184,송현지구대,1094525.999000000068918,1760184.120000000111759,053-631-0112
학교,초등학교,27170,3143010,대구광역시 서구 통학로 202,대구비산초등학교,1096055.283000000054017,1765192.061999999918044,053-233-1344
경찰서,지구대,27290,3007013,대구광역시 달서구 월배로 108,월배지구대,1092723.293000000063330,1758012.320000000065193,053-632-0112
학교,초등학교,27230,4235224,대구광역시 북구 산격로10길 14,대구산격초등학교,1099850.438000000081956,1767003.239000000059605,053-233-1181
경찰서,지구대,27140,3007003,대구광역시 동구 대현로 126,남신암지구대,1100409.843000000109896,1765546.091000000014901,053-960-3304
학교,초등학교,27170,3143015,대구광역시 서구 평리로 395,대구서도초등학교,1096180.125000000000000,1763936.019000000087544,053-233-1450
경찰서,지구대,27140,4226058,대구광역시 동구 동대구로85길 53,동대구지구대,1101488.506000000052154,1764849.688000000081956,053-960-3316
학교,초등학교,27170,4229092,대구광역시 서구 달서로26길 25,대구서부초등학교,1096926.933999999891967,1764677.229000000050291,053-233-0205
경찰서,지구대,27140,3142042,대구광역시 동구 해동로 184,동촌지구대,1103694.610000000102445,1766156.422000000020489,053-960-3305
학교,초등학교,27170,4229235,대구광역시 서구 서대구로45길 60,대구서평초등학교,1094591.679999999934807,1765140.885999999940395,053-233-2350
경찰서,지구대,27140,3142014,대구광역시 동구 반야월로 219,안심지구대,1109488.654000000096858,1764646.628999999957159,053-960-3314
학교,초등학교,27230,4235491,대구광역시 북구 호국로57길 42,대구성북초등학교,1098718.854999999981374,1770524.310000000055879,053-233-1101
경찰서,지구대,27140,4226391,대구광역시 동구 효목로19길 143,큰고개지구대,1102616.067999999970198,1765769.101000000024214,053-960-3309
학교,초등학교,27230,3142002,대구광역시 북구 경대로 21,대구신암초등학교,1100336.760000000009313,1765811.834999999962747,053-233-0674
경찰서,지구대,27230,3007023,대구광역시 북구 침산로 24,고성지구대,1098301.682999999960884,1765221.682000000029802,053-351-0112
학교,초등학교,27230,4235400,대구광역시 북구 칠성시장로23길 55,대구옥산초등학교,1099099.441000000108033,1765479.672999999951571,053-233-1090
경찰서,지구대,27230,3145036,대구광역시 북구 오봉로 122,노원지구대,1097407.155999999959022,1767406.828999999910593,053-357-0112
학교,초등학교,27170,4229028,대구광역시 서구 국채보상로37길 35,대구이현초등학교,1094822.689000000013039,1764610.709000000031665,053-233-1601
경찰서,지구대,27230,4235036,대구광역시 북구 경진로1길 50,복현지구대,1100874.277000000001863,1766998.487999999895692,053-959-0113
학교,초등학교,27170,4229245,대구광역시 서구 서대구로66길 20,대구인지초등학교,1096331.307000000029802,1766034.956999999936670,053-233-0575
경찰서,지구대,27230,3145034,대구광역시 북구 연암로 114,산격지구대,1098797.621999999973923,1766994.905999999959022,053-957-0112
학교,초등학교,27230,4235323,대구광역시 북구 조야로8길 16,대구조야초등학교,1097184.618999999947846,1768654.679000000003725,053-233-2413
경찰서,지구대,27170,3007016,대구광역시 서구 고성로 83,비원지구대,1097072.918999999994412,1765749.473999999929219,053-608-3303
학교,초등학교,27170,3007001,대구광역시 서구 국채보상로 135,대구중리초등학교,1094378.497999999905005,1764187.490999999921769,053-233-0755
경찰서,지구대,27170,3007001,대구광역시 서구 국채보상로 260,서도지구대,1095648.149999999906868,1764343.766999999992549,053-608-3307
학교,초등학교,27230,4235333,대구광역시 북구 칠곡중앙대로110길 5,대구칠곡초등학교,1094861.455000000074506,1772565.627000000094995,053-233-2100
경찰서,지구대,27170,3007001,대구광역시 서구 국채보상로 117,이현지구대,1094246.144000000087544,1764112.097999999998137,053-608-3311
학교,초등학교,27230,4235409,대구광역시 북구 침산남로32길 17,대구칠성초등학교,1098673.432999999960884,1766155.672000000020489,053-233-0385
경찰서,지구대,27170,4229092,대구광역시 서구 달서로26길 1,평산지구대,1096725.955000000074506,1764616.531999999890104,053-608-3309
학교,초등학교,27230,3145032,대구광역시 북구 성북로 25,대구침산초등학교,1097943.064000000013039,1766595.607000000076368,053-233-1005
경찰서,파출소,27230,3145056,대구광역시 북구 한강로 103,관문파출소,1092137.087999999988824,1767126.560000000055879,053-380-3198
경찰서,지구대,27290,3147015,대구광역시 달서구 선원로 62,신당지구대,1090212.385999999940395,1762951.796000000089407,053-588-0112
학교,초등학교,27230,4235348,대구광역시 북구 칠곡중앙대로52길 56,대구태암초등학교,1094772.799000000115484,1770112.500000000000000,053-233-3583
경찰서,파출소,27230,3145031,대구광역시 북구 서변로 62,무태파출소,1098951.010999999940395,1769966.985000000102445,053-380-3193
경찰서,지구대,27260,3146002,대구광역시 수성구 고산로 150,고산지구대,1108956.862999999895692,1761484.949999999953434,053-600-6303
학교,초등학교,27230,4235357,대구광역시 북구 칠곡중앙대로75길 16,대구태전초등학교,1094360.360000000102445,1770902.147000000113621,053-233-3001
경찰서,파출소,27200,3144002,대구광역시 남구 대명남로 55,남대명파출소,1096122.570000000065193,1760371.649999999906868,053-653-0113
경찰서,지구대,27260,3146010,대구광역시 수성구 무열로 111,만촌지구대,1103718.185000000055879,1764133.496999999973923,053-600-6305
학교,초등학교,27230,3145046,대구광역시 북구 태전로 95,대구태현초등학교,1093875.939000000013039,1770666.492000000085682,053-233-3283
경찰서,파출소,27200,4232114,대구광역시 남구 두류공원로18길 1,대명파출소,1096618.834000000031665,1761384.041999999899417,053-625-0112
경찰서,지구대,27260,3007004,대구광역시 수성구 동대구로 313,범어지구대,1101584.851999999955297,1763022.016999999992549,053-600-6307
학교,초등학교,27230,4235211,대구광역시 북구 매천로2길 19-6,대구팔달초등학교,1094299.693999999901280,1767317.800000000046566,053-233-3565
경찰서,파출소,27200,3144010,대구광역시 남구 현충로 51,서대명파출소,1097499.108000000007451,1760633.891000000061467,053-627-0112
경찰서,지구대,27260,3146008,대구광역시 수성구 들안로 54,상동지구대,1100903.081000000005588,1760355.121000000042841,053-600-6312
학교,초등학교,27170,4229042,대구광역시 서구 국채보상로53길 6-5,대구평리초등학교,1095811.729999999981374,1764500.583000000100583,053-233-1263
경찰서,파출소,27290,3351387,대구광역시 달서구 갈밭로 51,대곡파출소,1092945.973999999929219,1756799.816000000108033,053-662-6333
경찰서,지구대,27260,3146024,대구광역시 수성구 지범로 155,지산지구대,1102722.343000000109896,1759111.733999999938533,053-600-6315
학교,초등학교,27230,4235185,대구광역시 북구 동북로37길 68,북대구초등학교,1100126.127000000094995,1767979.250999999931082,053-233-2467
경찰서,파출소,27290,3147031,대구광역시 달서구 월성로 69,월성파출소,1092855.577000000048429,1759854.108999999938533,053-635-0112
경찰서,지구대,27260,3146028,대구광역시 수성구 청수로 245,황금지구대,1102473.804999999934807,1761095.820999999996275,053-600-6318
학교,초등학교,27170,4229241,대구광역시 서구 서대구로63길 28-13,서대구초등학교,1095461.566000000108033,1766386.395999999949709,053-233-1650
경찰서,파출소,27710,3148002,대구광역시 달성군 가창면 가창로 1076,가창파출소,1101485.921000000089407,1756602.162000000011176,053-768-2312
경찰서,지구대,27110,2007002,대구광역시 중구 달구벌대로 2048,남산지구대,1098195.645000000018626,1763824.604999999981374,053-420-1304
학교,초등학교,27230,3145051,대구광역시 북구 학정동로 23,대구학남초등학교,1096174.949999999953434,1772698.550000000046566,053-233-3995
경찰서,파출소,27710,4244144,대구광역시 달성군 논공읍 논공중앙로33길 7,공단파출소,1086168.262000000104308,1748641.162000000011176,053-615-5113
경찰서,지구대,27110,4223021,대구광역시 중구 국채보상로140길 16,동덕지구대,1099851.263000000035390,1764065.740999999921769,053-420-1306
학교,초등학교,27260,3146009,대구광역시 수성구 만촌로 125,대구중앙초등학교,1102946.625999999931082,1764314.128000000026077,053-232-4902
경찰서,파출소,27710,4244502,대구광역시 달성군 구지면 창리로11길 51,구지파출소,1082662.993000000016764,1740730.013999999966472,053-614-4912
경찰서,지구대,27110,4223029,대구광역시 중구 국채보상로99길 12,서문지구대,1097851.060999999986961,1764407.142999999923632,053-420-1302
학교,초등학교,27230,3145020,대구광역시 북구 대천로 148,대구운암초등학교,1096121.877000000094995,1771525.949000000022352,053-233-4174
경찰서,파출소,27710,3007026,대구광역시 달성군 논공읍 비슬로 1788,논공파출소,1083264.561999999918044,1753456.885000000009313,053-611-3112
학교,초등학교,27290,4241063,대구광역시 달서구 달구벌대로304길 112,대구장동초등학교,1093174.075999999884516,1761408.685000000055879,053-234-4505
경찰서,파출소,27710,2007002,대구광역시 달성군 다사읍 달구벌대로 800-1,다사파출소,1086566.725000000093132,1763276.669999999925494,053-585-3112
학교,초등학교,27710,4244490,대구광역시 달성군 다사읍 죽곡1길 18,대구죽곡초등학교,1086984.759000000078231,1762678.955000000074506,053-235-1360
경찰서,파출소,27710,3007026,대구광역시 달성군 옥포읍 비슬로 2294,옥포파출소,1087850.404000000096858,1755318.310999999986961,053-614-4312
학교,초등학교,27710,3148029,대구광역시 달성군 화원읍 명곡로 40,대구명곡초등학교,1090009.049000000115484,1756039.300999999977648,053-235-1464
경찰서,파출소,27710,3341006,대구광역시 달성군 유가읍 테크노상업로 99,유가파출소,1086898.766000000061467,1744607.142999999923632,053-614-2712
학교,초등학교,27710,3148032,대구광역시 달성군 화원읍 성천로 192,대구천내초등학교,1090524.480999999912456,1757460.415999999968335,053-235-1543
경찰서,파출소,27710,4244176,대구광역시 달성군 하빈면 달구벌대로55길 58-4,하빈파출소,1083179.753000000026077,1764781.159999999916181,053-582-0112
학교,초등학교,27290,2007002,대구광역시 달서구 달구벌대로 1429-11,대구장성초등학교,1092396.794999999925494,1762020.389999999897555,053-234-4563
경찰서,파출소,27710,3148047,대구광역시 달성군 현풍읍 현풍중앙로 70,현풍파출소,1085507.700999999884516,1744786.942000000039116,053-615-0112
학교,초등학교,27710,4244136,대구광역시 달성군 논공읍 논공로7길 41,대구논공초등학교,1084795.304999999934807,1748707.595999999903142,053-235-1703
경찰서,파출소,27710,3007026,대구광역시 달성군 화원읍 비슬로 2480,화남파출소,1089448.421000000089407,1756257.587999999988824,053-632-0113
학교,초등학교,27710,4244365,대구광역시 달성군 다사읍 서재로26길 94,대구도림초등학교,1090251.722000000067055,1765080.959999999962747,053-235-1681
경찰서,파출소,27710,3148049,대구광역시 달성군 화원읍 명천로 100,화원파출소,1090993.831000000005588,1756705.537999999942258,053-632-1112
학교,초등학교,27140,4226107,대구광역시 동구 동호로7길 17,대구강동초등학교,1111065.524999999906868,1764202.384000000078231,053-232-5051
경찰서,파출소,27140,3142040,대구광역시 동구 파계로 546,공산파출소,1102205.196999999927357,1776414.409999999916181,053-960-3302
학교,초등학교,27140,3142011,대구광역시 동구 동호로 25,대구동호초등학교,1110188.696999999927357,1763886.631999999983236,053-232-5005
경찰서,파출소,27140,3142008,대구광역시 동구 동내로 120,동내혁신파출소,1111376.341999999945983,1765706.986999999964610,053-960-3706
학교,초등학교,27230,3145025,대구광역시 북구 동천로 33,대구함지초등학교,1095422.831000000005588,1771413.712999999988824,053-233-4505
우체국,우체국,27710,4244269,대구광역시 달성군 현풍읍 비슬로130길 7,달성우체국,1085041.435000000055879,1744678.956000000005588,053-614-2005
경찰서,파출소,27140,3142033,대구광역시 동구 위남로 9,봉무불로파출소,1102852.699000000022352,1770665.273000000044703,053-960-3307
학교,초등학교,27230,3145023,대구광역시 북구 동변로 60,대구동변초등학교,1099619.212000000057742,1769727.156999999890104,053-233-4224
우체국,우체국,27710,4244144,대구광역시 달성군 논공읍 논공중앙로33길 9,달성공단우체국,1086158.030999999959022,1748659.700999999884516,053-615-5300
경찰서,파출소,27140,4226303,대구광역시 동구 팔공로197길 47,팔공파출소,1107446.429999999934807,1773931.269000000087544,053-960-3301
학교,초등학교,27230,4235489,대구광역시 북구 호국로43길 35,대구서변초등학교,1098784.942000000039116,1769891.973999999929219,053-233-4400
우체국,우체국,27710,4244502,대구광역시 달성군 구지면 창리로11길 18,달성구지우체국,1082653.736000000033528,1740567.002000000094995,053-614-4800
경찰서,파출소,27170,2007002,대구광역시 서구 달구벌대로 1737,내당4동파출소,1095267.979999999981374,1762821.327000000048429,053-608-3303
학교,초등학교,27710,3148031,대구광역시 달성군 화원읍 성암로 38,대구화동초등학교,1091231.263999999966472,1756370.370000000111759,053-235-1772
우체국,우체국,27710,4244613,대구광역시 달성군 논공읍 비슬로366길 3,달성논공우체국,1083633.280000000027940,1753683.522000000113621,053-611-1600
경찰서,파출소,27290,2007002,대구광역시 달서구 달구벌대로 1606,감삼파출소,1094122.620000000111759,1762192.310999999986961,053-563-0112
학교,초등학교,27260,3146002,대구광역시 수성구 고산로 51,대구청림초등학교,1108691.800999999977648,1760572.246000000042841,053-232-5165
우체국,우체국,27710,3007026,대구광역시 달성군 옥포읍 비슬로 2302,달성옥포우체국,1087923.882999999914318,1755362.760000000009313,053-614-4200
경찰서,파출소,27290,3147026,대구광역시 달서구 야외음악당로 202,두류3동파출소,1095475.925999999977648,1762386.483000000007451,053-651-0113
학교,초등학교,27290,4241486,대구광역시 달서구 월배로39길 46,대구월서초등학교,1093205.303000000072643,1758853.868000000016764,053-234-4706
우체국,우체국,27710,4244334,대구광역시 달성군 유가읍 비슬로64길 52-4,달성유가우체국,1085886.459000000031665,1742268.066000000108033,053-614-2701
경찰서,파출소,27290,3147026,대구광역시 달서구 야외음악당로 280,두류파출소,1096142.337000000057742,1762732.168999999994412,053-624-0112
학교,초등학교,27260,4238105,대구광역시 수성구 달구벌대로656길 46,대구사월초등학교,1109738.047000000020489,1760406.310000000055879,053-232-5300
우체국,우체국,27290,3147045,대구광역시 달서구 학산로 65,대구달서우체국,1093424.841999999945983,1759847.296000000089407,053-640-4679
경찰서,파출소,27290,4241031,대구광역시 달서구 구마로39길 83-16,성당파출소,1094561.692999999970198,1761028.635000000009313,053-655-0112
학교,초등학교,27290,4241078,대구광역시 달서구 달서대로109길 116,대구호산초등학교,1088420.807999999960884,1761826.168999999994412,053-234-4755
우체국,우체국,27290,2007002,대구광역시 달서구 달구벌대로 1578-11,대구감삼동우체국,1093904.628999999957159,1762040.355999999912456,053-552-0100
경찰서,파출소,27290,2007002,대구광역시 달서구 달구벌대로 1327,성서파출소,1091434.547000000020489,1762104.030000000027940,053-583-0112
학교,초등학교,27230,3145050,대구광역시 북구 학남로 32,대구학정초등학교,1096408.997999999905005,1772918.962999999988824,053-233-4546
우체국,우체국,27290,3147049,대구광역시 달서구 호산로 124,대구강창우체국,1088343.709999999962747,1762033.097999999998137,053-593-9115
경찰서,파출소,27290,3147015,대구광역시 달서구 선원로 276,용산파출소,1092348.581000000005588,1762928.537000000011176,053-584-0113
학교,초등학교,27710,3148027,대구광역시 달성군 다사읍 대실역북로 93,대구왕선초등학교,1087143.026000000070781,1763390.013999999966472,053-235-1902
우체국,우체국,27710,3148038,대구광역시 달성군 다사읍 왕선로 39,대구다사우체국,1087045.307000000029802,1763360.628999999957159,053-591-1151
경찰서,파출소,27290,3147027,대구광역시 달서구 용산로 212,죽전파출소,1093087.641999999992549,1762711.202000000048429,053-564-0112
학교,초등학교,27290,2147001,대구광역시 달서구 달서대로 39,대구유천초등학교,1091413.368000000016764,1757817.439000000013039,053-234-4873
우체국,우체국,27290,3147006,대구광역시 달서구 도원로 6,대구도원동우체국,1093567.878999999957159,1757463.287000000011176,053-635-0013
경찰서,파출소,27260,4238444,대구광역시 수성구 파동로2길 30,파동파출소,1101304.159999999916181,1757485.401000000070781,053-600-6317
학교,초등학교,27290,3147039,대구광역시 달서구 조암남로 100,대구신월초등학교,1092361.070000000065193,1758712.598999999929219,053-234-5000
우체국,우체국,27290,3007011,대구광역시 달서구 성당로 247,대구두류동우체국,1096945.943999999901280,1762511.162000000011176,053-622-0017
경찰서,파출소,27110,2007001,대구광역시 중구 중앙대로 382,중앙파출소,1098741.429999999934807,1763932.135000000009313,053-420-1311
학교,초등학교,27260,4238386,대구광역시 수성구 천을로31길 16,대구매동초등학교,1109198.122999999905005,1761640.320000000065193,053-232-5400
우체국,우체국,27710,3007031,대구광역시 달성군 화원읍 화암로 76,대구명곡우체국,1090086.727999999886379,1756146.131000000052154,053-634-6400
학교,초등학교,27290,4241564,대구광역시 달서구 조암로5길 19,대구조암초등학교,1092897.429000000003725,1759109.884000000078231,053-234-5053
우체국,우체국,27290,3143012,대구광역시 달서구 당산로 36,대구본리동우체국,1094375.200999999884516,1760958.881999999983236,053-624-2005
학교,초등학교,27710,4244189,대구광역시 달성군 다사읍 대실역북로3길 6,대구매곡초등학교,1087407.314999999944121,1763287.489000000059605,053-235-1980
우체국,우체국,27290,4241197,대구광역시 달서구 상인서로10길 6-4,대구상인1동우체국,1094420.385999999940395,1758025.669999999925494,053-635-0014
학교,초등학교,27230,3145026,대구광역시 북구 매전로 32,대구관문초등학교,1094397.487999999895692,1768512.115999999921769,053-233-4700
우체국,우체국,27290,3147024,대구광역시 달서구 송현로 47,대구상인동우체국,1094554.672999999951571,1758970.375999999931082,053-633-0013
학교,초등학교,27290,4241557,대구광역시 달서구 조암남로32길 55,대구용천초등학교,1091471.871999999973923,1758611.637000000104308,053-234-5630
우체국,우체국,27290,3147018,대구광역시 달서구 성서공단로 118,대구성서공단우체국,1089919.688000000081956,1760269.513000000035390,053-582-2105
학교,초등학교,27140,3142034,대구광역시 동구 율하동로 55,대구율원초등학교,1108406.739999999990687,1763804.406999999890104,053-232-5431
우체국,우체국,27290,3147021,대구광역시 달서구 성서로 406,대구성서우체국,1090994.462000000057742,1762381.831999999936670,053-589-1500
학교,초등학교,27290,4241565,대구광역시 달서구 조암로6길 55,대구월암초등학교,1092284.114999999990687,1759601.506999999983236,053-234-5200
우체국,우체국,27290,3147015,대구광역시 달서구 선원로 58,대구신당동우체국,1090161.794999999925494,1762949.486999999964610,053-584-1491
학교,초등학교,27290,4241473,대구광역시 달서구 월배로11길 42,대구한샘초등학교,1092036.429999999934807,1758315.230999999912456,053-234-5245
우체국,우체국,27290,3147027,대구광역시 달서구 용산로 214,대구용산동우체국,1093083.226999999955297,1762727.000000000000000,053-521-2005
학교,초등학교,27260,4238153,대구광역시 수성구 들안로16길 58,대구들안길초등학교,1101006.307000000029802,1760839.047999999951571,053-232-5582
우체국,우체국,27290,3147008,대구광역시 달서구 상원로 97,대구월배우체국,1093240.364999999990687,1758383.064999999944121,053-632-5144
학교,초등학교,27230,3145055,대구광역시 북구 내곡로 124,대구사수초등학교,1091618.625999999931082,1767534.517999999923632,053-233-4804
우체국,우체국,27290,3147036,대구광역시 달서구 장기로 273,대구장기동우체국,1093041.439999999944121,1761243.843000000109896,053-522-3005
학교,초등학교,27290,3147039,대구광역시 달서구 조암남로 172-13,대구한솔초등학교,1091755.304999999934807,1758264.607000000076368,053-234-5500
우체국,우체국,27290,3007013,대구광역시 달서구 월배로 32,대구진천동우체국,1092008.854999999981374,1757801.723999999929219,053-636-0014
학교,초등학교,27140,4226408,대구광역시 동구 팔공로53길 30,대구봉무초등학교,1102610.480999999912456,1770501.274999999906868,053-232-5705
우체국,우체국,27710,4244545,대구광역시 달성군 하빈면 하빈로90길 1,대구하빈우체국,1085358.476999999955297,1767784.924000000115484,053-582-1105
학교,초등학교,27140,4226236,대구광역시 동구 안심로16길 70,대구율금초등학교,1107606.833000000100583,1763470.766999999992549,053-232-5609
우체국,우체국,27710,3007026,대구광역시 달성군 화원읍 비슬로 2589,대구화원우체국,1090322.047000000020489,1756886.489999999990687,053-632-0115
학교,초등학교,27140,4226414,대구광역시 동구 과학로13길 5,대구새론초등학교,1109855.418999999994412,1765994.752000000094995,053-232-9605
우체국,우체국,27260,2007002,대구광역시 수성구 달구벌대로 2320,대구수성우체국,1100749.909999999916181,1763103.412999999942258,053-757-1030
학교,초등학교,27710,4244628,대구광역시 달성군 다사읍 대실역남로1길 31,대구대실초등학교,1087397.158000000054017,1762271.398999999975786,053-235-2274
우체국,우체국,27710,4244016,대구광역시 달성군 가창면 가창로216길 1,대구가창우체국,1101451.924000000115484,1756692.689999999944121,053-767-6001
학교,초등학교,27710,3148034,대구광역시 달성군 다사읍 세천로 182-9,대구세천초등학교,1088599.010000000009313,1764641.539000000106171,053-235-2473
우체국,우체국,27260,2007002,대구광역시 수성구 달구벌대로 3070,대구고산우체국,1107714.710999999893829,1761339.933999999891967,053-792-1600
학교,초등학교,27710,3341005,대구광역시 달성군 유가읍 테크노북로 144,대구비슬초등학교,1086740.969000000040978,1744846.033000000054017,053-235-2405
우체국,우체국,27260,3007001,대구광역시 수성구 국채보상로 1075,대구만촌1동우체국,1103528.546000000089407,1764197.601999999955297,053-742-0900
학교,초등학교,27710,3341010,대구광역시 달성군 옥포읍 돌미로 15,대구강림초등학교,1084665.209000000031665,1754275.432999999960884,053-235-2200
우체국,우체국,27260,4238225,대구광역시 수성구 범안로16길 6,대구범물동우체국,1103551.787000000011176,1758528.114000000059605,053-784-9356
학교,초등학교,27710,3341005,대구광역시 달성군 현풍읍 테크노북로 80,대구포산초등학교,1086189.019000000087544,1744709.617000000085682,053-233-5568
우체국,우체국,27260,2007002,대구광역시 수성구 달구벌대로 2465,대구범어2동우체국,1102235.914000000106171,1763096.345999999903142,053-756-8361
학교,초등학교,27230,3145055,대구광역시 북구 내곡로 63,대구삼영초등학교,1091115.256999999983236,1767698.908999999985099,053-233-4950
자치단체,운전면허시험장,27230,3145044,대구광역시 북구 태암남로 38,대구운전면허시험장,1094924.428000000072643,1770272.004999999888241,053-320-2400~1
우체국,우체국,27260,3007004,대구광역시 수성구 동대구로 401,대구범어3동우체국,1101678.527000000001863,1763873.894000000087544,053-751-1494
학교,초등학교,27710,4244373,대구광역시 달성군 다사읍 서재로7길 55,대구서동초등학교,1089230.299000000115484,1764372.547000000020489,053-233-5770
우체국,우체국,27260,3007004,대구광역시 수성구 동대구로 364,대구법원우체국,1101920.868999999947846,1763450.097000000067055,053-743-0440
학교,초등학교,27710,4854702,대구광역시 달성군 구지면 국가산단대로66길 10,대구세현초등학교,1083255.804000000003725,1740789.269000000087544,053-233-5500
우체국,우체국,27260,3146017,대구광역시 수성구 수성로 82,대구상동우체국,1100396.902000000001863,1760150.918000000063330,053-766-8077
우체국,우체국,27260,2007002,대구광역시 수성구 달구벌대로 3182,대구신매동우체국,1108787.303000000072643,1761113.404000000096858,053-793-6001
우체국,우체국,27260,3146008,대구광역시 수성구 들안로 137,대구중동우체국,1100822.043000000063330,1761210.320999999996275,053-764-0014
우체국,우체국,27260,3146024,대구광역시 수성구 지범로 149,대구지산동우체국,1102682.010000000009313,1759142.118999999947846,053-782-2314
우체국,우체국,27260,3146031,대구광역시 수성구 파동로 49,대구파동우체국,1101185.108000000007451,1757496.691000000108033,053-765-0114
우체국,우체국,27260,3146028,대구광역시 수성구 청수로 243,대구황금동우체국,1102458.091000000014901,1761095.289000000106171,053-763-0177
우체국,우체국,27260,3146010,대구광역시 수성구 무열로 56,제503군사우체국,1103827.625000000000000,1763570.522000000113621,053-752-8037
우체국,우체국,27110,4223003,대구광역시 중구 경상감영길 80,대구우체국,1098564.144000000087544,1764422.016000000061467,053-250-2000
우체국,우체국,27200,2007001,대구광역시 남구 중앙대로 200,남대구우체국,1098514.537000000011176,1762120.497999999905005,053-470-2014
우체국,우체국,27110,3141001,대구광역시 중구 남산로 79,대구남산4동우체국,1097688.635000000009313,1763563.989000000059605,053-253-6423
우체국,우체국,27110,2007001,대구광역시 중구 중앙대로 265,대구남산동우체국,1098435.235000000102445,1762859.104000000050291,053-256-5017
우체국,우체국,27200,3144010,대구광역시 남구 현충로 163,대구대명동우체국,1097506.101999999955297,1761750.223999999929219,053-623-0484
우체국,우체국,27110,3141012,대구광역시 중구 대봉로 224,대구대봉동우체국,1099467.171000000089407,1763010.394000000087544,053-424-5124
우체국,우체국,27110,3141004,대구광역시 중구 달성로 56,대구동산의료원우체국,1097726.693999999901280,1764275.549000000115484,053-256-2954
우체국,우체국,27110,3141005,대구광역시 중구 동덕로 167,대구동인동우체국,1099620.503999999957159,1764245.901000000070781,053-422-0040
우체국,우체국,27200,4232296,대구광역시 남구 중앙대로22길 269,대구봉덕동우체국,1099837.030999999959022,1761150.057000000029802,053-471-0015
우체국,우체국,27110,4223076,대구광역시 중구 동덕로30길 108,대구삼덕동우체국,1100178.300000000046566,1763839.426999999908730,053-426-1210
우체국,우체국,27110,2007002,대구광역시 중구 달구벌대로 2095,대구삼성생명빌딩우체국,1098659.543000000063330,1763857.371000000042841,053-255-5130
우체국,우체국,27200,3144003,대구광역시 남구 대명로 79,대구안지랑우체국,1096291.929000000003725,1760877.075999999884516,053-654-0044
우체국,우체국,27110,3141011,대구광역시 중구 태평로 177,대구역전우체국,1099085.374000000068918,1764806.608999999938533,053-422-4159
우체국,우체국,27140,3142010,대구광역시 동구 동촌로 1,동대구우체국,1103270.175000000046566,1766797.648999999975786,053-940-1811
우체국,우체국,27140,3000048,대구광역시 동구 팔공로 1017,대구공산우체국,1107298.723999999929219,1773731.696999999927357,053-982-0001
우체국,우체국,27140,3142011,대구광역시 동구 동호로 63,대구동호동우체국,1110505.963999999919906,1763959.459999999962747,053-961-0073
우체국,우체국,27140,3142010,대구광역시 동구 동촌로 250,대구방촌동우체국,1105340.486999999964610,1765505.049000000115484,053-982-4000
우체국,우체국,27140,4226405,대구광역시 동구 팔공로47길 22,대구불로봉무동우체국,1102724.102999999886379,1769874.658999999985099,053-983-1808
우체국,우체국,27140,3141014,대구광역시 동구 신암로 76,대구신암2동우체국,1100103.608999999938533,1765148.514999999897555,053-943-3007
우체국,우체국,27140,3142028,대구광역시 동구 아양로 106,대구신암동우체국,1101585.693999999901280,1765833.956999999936670,053-952-7620
우체국,우체국,27140,4226069,대구광역시 동구 동부로30길 12-1,대구신천4동우체국,1101850.031999999890104,1764984.242000000085682,053-756-8351
우체국,우체국,27140,3142020,대구광역시 동구 송라로 11,대구신천동우체국,1101028.091999999945983,1764148.226999999955297,053-423-5800
우체국,우체국,27140,3000052,대구광역시 동구 경안로 780,대구안심우체국,1109590.490999999921769,1764573.334999999962747,053-962-2000
우체국,우체국,27140,4226236,대구광역시 동구 안심로16길 49,대구율하동우체국,1107746.909999999916181,1763670.274999999906868,053-961-4008
우체국,우체국,27140,4226366,대구광역시 동구 화랑로25길 13,대구효목동우체국,1102939.446999999927357,1764913.487999999895692,053-743-9694
우체국,우체국,27230,4235091,대구광역시 북구 구암로65길 38,북대구우체국,1096123.050000000046566,1772173.584999999962747,053-310-3024
우체국,우체국,27230,3007022,대구광역시 북구 원대로 60,대구고성동우체국,1097647.936999999918044,1765665.219000000040978,053-357-4821
우체국,우체국,27230,3007024,대구광역시 북구 팔달로 195,대구노원동우체국,1096699.929999999934807,1766302.193999999901280,053-357-4122
우체국,우체국,27230,3145025,대구광역시 북구 동천로 3,대구동천동우체국,1095443.709000000031665,1771114.093000000109896,053-321-9606
우체국,우체국,27230,3145006,대구광역시 북구 경진로 5,대구복현동우체국,1100525.781999999890104,1767156.053000000072643,053-952-0990
우체국,우체국,27230,3145034,대구광역시 북구 연암로 42,대구산격동우체국,1099167.129999999888241,1766588.496000000042841,053-941-8211
우체국,우체국,27230,4235489,대구광역시 북구 호국로43길 17,대구서변동우체국,1098984.364999999990687,1769917.196999999927357,053-951-9930
우체국,우체국,27230,4235077,대구광역시 북구 구암로15길 16,대구읍내동우체국,1094691.632999999914318,1771330.395999999949709,053-321-9437
우체국,우체국,27230,3145037,대구광역시 북구 유통단지로 115,대구종합유통단지우체국,1100578.722999999998137,1768767.774999999906868,053-380-7480
우체국,우체국,27230,2145001,대구광역시 북구 칠곡중앙대로 577,대구칠곡우체국,1094796.825999999884516,1772798.158000000054017,053-324-0001
우체국,우체국,27230,3145026,대구광역시 북구 매전로 74,대구태전동우체국,1094455.810000000055879,1768914.892999999923632,053-314-9561
우체국,우체국,27170,3143006,대구광역시 서구 서대구로 97,서대구우체국,1095262.894000000087544,1763874.056000000098720,053-560-5335
우체국,우체국,27170,3143010,대구광역시 서구 통학로 58,대구내당1동우체국,1096057.006999999983236,1763735.286000000080094,053-551-6360
우체국,우체국,27170,3143006,대구광역시 서구 서대구로 358,대구비산7동우체국,1095730.647000000113621,1766272.739000000059605,053-354-0100
우체국,우체국,27170,3143002,대구광역시 서구 달서로 157,대구비산동우체국,1096675.752000000094995,1764942.621000000042841,053-558-0014
우체국,우체국,27170,3141016,대구광역시 서구 큰장로 101,대구서문우체국,1097241.894000000087544,1764022.128999999957159,053-571-0418
우체국,우체국,27170,3143015,대구광역시 서구 평리로 148,대구중리동우체국,1093958.422000000020489,1762942.254999999888241,053-559-0201
우체국,우체국,27170,3007001,대구광역시 서구 국채보상로 279,대구평리3동우체국,1095821.317000000039116,1764446.419999999925494,053-559-0221
우체국,집중국,27230,3145037,대구광역시 북구 유통단지로 115,대구우편집중국,1100578.722999999998137,1768767.774999999906868,053-380-7114
우체국,우체국,27200,4232184,대구광역시 남구 삼정2길 36,대구봉덕3동우체국,1098878.064999999944121,1760783.050999999977648,053-473-1414
우체국,우체국,27200,3141013,대구광역시 남구 명덕로 104,대구대명3동우체국,1097455.105999999912456,1762646.735000000102445,053-622-0020
우체국,우체국,27230,3145034,대구광역시 북구 연암로 40,경북도청우체국,1099117.243999999947846,1766706.257999999914318,053-941-8211
우체국,우체국,27230,3018037,대구광역시 북구 호국로 780,제79군사우체국,1096387.580000000074506,1773838.328999999910593,053-321-7467
우체국,우체국,27290,4241075,대구광역시 달서구 달구벌대로344길 34,대구두류3동우체국,1095043.335999999893829,1762558.431000000098720,053-625-2006
우체국,우체국,27110,3141003,대구광역시 중구 달성공원로 74,대구달성동우체국,1097339.756000000052154,1764988.719000000040978,053-562-5051
우체국,우체국,27140,4226324,대구광역시 동구 팔공로30길 4,대구불로동우체국,1103006.892999999923632,1768923.960999999893829,053-983-7612
경찰서,지방청,27260,3146011,대구광역시 수성구 무학로 227,대구광역시지방경찰청,1102388.043000000063330,1759821.242000000085682,182
자치단체,시도,27110,3007017,대구광역시 중구 공평로 88,대구광역시청,1099416.493000000016764,1764446.175999999977648,053-120
자치단체,시군구,27710,3148026,대구광역시 달성군 논공읍 달성군청로 33,달성군청,1084183.284999999916181,1753540.791999999899417,053-668-2000
자치단체,시군구,27200,3141015,대구광역시 남구 이천로 51,남구청,1099117.932000000029802,1761603.257999999914318,053-664-2000
자치단체,시군구,27290,3147045,대구광역시 달서구 학산로 45,달서구청,1093288.093000000109896,1759761.080000000074506,053-667-2000
법원,민원실,27260,3007004,대구광역시 수성구 동대구로 364,종합민원실,1101920.868999999947846,1763450.097000000067055,053-757-6571
자치단체,시군구,27140,3142028,대구광역시 동구 아양로 207,동구청,1102539.983000000007451,1766175.148000000044703,053-662-2000
법원,민원실,27290,3147037,대구광역시 달서구 장산남로 30,종합민원실,1092785.387000000104308,1762323.554999999934807,053-570-2020
자치단체,시군구,27230,3007021,대구광역시 북구 옥산로 65,북구청,1097730.887000000104308,1765995.617000000085682,053-665-2000
자치단체,시군구,27170,3007001,대구광역시 서구 국채보상로 257,서구청,1095625.722999999998137,1764491.424000000115484,053-663-2000
자치단체,시군구,27260,2007002,대구광역시 수성구 달구벌대로 2450,수성구청,1102085.185000000055879,1762995.999000000068918,053-666-2000
자치단체,시군구,27110,4223020,대구광역시 중구 국채보상로139길 1,중구청,1099856.445000000065193,1764208.718000000109896,053-661-2000
자치단체,읍면동,27710,3007026,대구광역시 달성군 논공읍 비슬로 1779,논공읍행정복지센터,1083184.296000000089407,1753488.030999999959022,053-668-5471
자치단체,읍면동,27710,3148028,대구광역시 달성군 다사읍 매곡로 7,다사읍행정복지센터,1086150.945000000065193,1763250.237999999895692,053-668-5523
자치단체,읍면동,27710,3007026,대구광역시 달성군 화원읍 비슬로 2594,화원읍행정복지센터,1090416.213999999919906,1756882.333000000100583,053-668-5411
자치단체,읍면동,27710,3148002,대구광역시 달성군 가창면 가창로 1100,가창면사무소,1101451.705000000074506,1756832.962999999988824,053-668-5571
자치단체,읍면동,27710,4244502,대구광역시 달성군 구지면 창리로11길 38,구지면사무소,1082694.408999999985099,1740673.950999999884516,053-668-5761
자치단체,읍면동,27710,3007026,대구광역시 달성군 옥포읍 비슬로 2215,옥포읍행정복지센터,1087115.804999999934807,1755186.382999999914318,053-668-5651
자치단체,읍면동,27710,3341006,대구광역시 달성군 유가읍 테크노상업로 95,유가읍행정복지센터,1086840.422000000020489,1744606.293000000063330,053-668-5796
자치단체,읍면동,27710,4244542,대구광역시 달성군 하빈면 하빈로84길 1,하빈면사무소,1085324.475000000093132,1767557.270999999949709,053-668-5611
자치단체,읍면동,27710,4244271,대구광역시 달성군 현풍읍 비슬로134길 157,현풍읍행정복지센터,1085728.996999999973923,1744968.753000000026077,053-668-5692
자치단체,읍면동,27200,4232077,대구광역시 남구 대명복개로4길 166,대명10동주민센터,1096538.516000000061467,1760917.902999999932945,053-664-3931
자치단체,읍면동,27200,4232021,대구광역시 남구 관문시장4길 53,대명11동주민센터,1095791.560000000055879,1760489.585999999893829,053-664-3951
자치단체,읍면동,27200,4232288,대구광역시 남구 장전2길 5,대명1동주민센터,1097252.945999999996275,1760965.662999999942258,053-664-3791
자치단체,읍면동,27200,4232132,대구광역시 남구 명덕로32길 30,대명2동주민센터,1098080.770999999949709,1762627.276000000070781,053-664-3811
자치단체,읍면동,27200,4232126,대구광역시 남구 명덕로20길 115,대명3동행정복지센터,1097435.607000000076368,1762289.057999999960884,053-664-3831
자치단체,읍면동,27200,4232116,대구광역시 남구 두류공원로20길 19,대명4동주민센터,1096581.098999999929219,1761577.357000000076368,053-664-3851
자치단체,읍면동,27200,4232070,대구광역시 남구 대명로58길 11,대명5동주민센터,1098236.729999999981374,1761291.324000000022352,053-664-3871
자치단체,읍면동,27200,3144002,대구광역시 남구 대명남로 73,대명6동주민센터,1096285.763999999966472,1760367.406999999890104,053-664-3891
자치단체,읍면동,27200,4232331,대구광역시 남구 큰골길 53,대명9동행정복지센터,1097452.887000000104308,1760619.752000000094995,053-664-3911
자치단체,읍면동,27200,3141015,대구광역시 남구 이천로 51,봉덕1동주민센터,1099117.932000000029802,1761603.257999999914318,053-664-3731
자치단체,읍면동,27200,4232263,대구광역시 남구 이천로10길 50,봉덕2동주민센터,1099437.852999999886379,1761371.516999999992549,053-664-3751
자치단체,읍면동,27200,4232296,대구광역시 남구 중앙대로22길 100,봉덕3동행정복지센터,1098971.851000000024214,1761210.482000000076368,053-664-3771
자치단체,읍면동,27200,4232270,대구광역시 남구 이천로28길 18,이천동행정복지센터,1099272.669999999925494,1762462.966000000014901,053-664-3711
자치단체,읍면동,27290,4241017,대구광역시 달서구 감삼북길 119-10,감삼동행정복지센터,1094106.939999999944121,1762111.290999999968335,053-667-4171
자치단체,읍면동,27290,3147047,대구광역시 달서구 한실로 53,도원동행정복지센터,1093255.929999999934807,1757272.260999999940395,053-667-4691
자치단체,읍면동,27290,4241263,대구광역시 달서구 성당로51길 32,두류1.2동행정복지센터,1096812.374000000068918,1762658.249000000068918,053-667-4061
자치단체,읍면동,27290,4241390,대구광역시 달서구 야외음악당로39길 24,두류3동행정복지센터,1095304.573000000091270,1762421.610000000102445,053-667-4111
자치단체,읍면동,27290,4241028,대구광역시 달서구 구마로26길 62,본동행정복지센터,1094024.034999999916181,1760270.864999999990687,053-667-4781
자치단체,읍면동,27290,3143012,대구광역시 달서구 당산로 37-14,본리동행정복지센터,1094208.135999999940395,1761002.046000000089407,053-667-4141
자치단체,읍면동,27290,3147010,대구광역시 달서구 상인서로 40,상인1동행정복지센터,1094406.280999999959022,1758036.773000000044703,053-667-4601
자치단체,읍면동,27290,3147008,대구광역시 달서구 상원로 27,상인2동행정복지센터,1093617.743000000016764,1757838.656999999890104,053-667-4631
자치단체,읍면동,27290,3147009,대구광역시 달서구 상인로 25,상인3동행정복지센터,1094880.367000000085682,1757576.182999999960884,053-667-4661
자치단체,읍면동,27290,3147026,대구광역시 달서구 야외음악당로 38,성당동행정복지센터,1095110.104000000050291,1760967.290999999968335,053-667-4011
자치단체,읍면동,27290,4241583,대구광역시 달서구 중흥로8길 41,송현1동행정복지센터,1095268.912000000011176,1759706.364000000059605,053-667-4721
자치단체,읍면동,27290,4241509,대구광역시 달서구 월배로83길 120-14,송현2동행정복지센터,1094436.039000000106171,1760091.889999999897555,053-667-4751
자치단체,읍면동,27290,3147015,대구광역시 달서구 선원로 60,신당동행정복지센터,1090183.874000000068918,1762951.666999999899417,053-667-4381
자치단체,읍면동,27290,3147027,대구광역시 달서구 용산로 212-7,용산1동행정복지센터,1093111.354999999981374,1762726.506999999983236,053-667-4261
자치단체,읍면동,27290,3147015,대구광역시 달서구 선원로 278,용산2동행정복지센터,1092365.918999999994412,1762914.664000000106171,053-667-4301
자치단체,읍면동,27290,3147039,대구광역시 달서구 조암남로 97,월성1동행정복지센터,1092397.013000000035390,1758597.982000000076368,053-667-4411
자치단체,읍면동,27290,3147031,대구광역시 달서구 월성로 65,월성2동행정복지센터,1092874.965000000083819,1759871.502000000094995,053-667-4441
자치단체,읍면동,27290,2007002,대구광역시 달서구 달구벌대로 1309,이곡1동행정복지센터,1091260.110000000102445,1762150.732000000076368,053-667-4321
자치단체,읍면동,27290,3147001,대구광역시 달서구 계대동문로 77,이곡2동행정복지센터,1090362.972000000067055,1762597.002000000094995,053-667-4351
자치단체,읍면동,27290,3147036,대구광역시 달서구 장기로 277,장기동행정복지센터,1093014.010999999940395,1761248.412999999942258,031-980-5967
자치단체,읍면동,27290,4241440,대구광역시 달서구 와룡로54길 28,죽전동행정복지센터,1093887.030000000027940,1762637.860000000102445,053-667-4201
자치단체,읍면동,27290,4241593,대구광역시 달서구 진천로9길 33,진천동행정복지센터,1092402.911000000080094,1757789.151000000070781,053-667-4471
자치단체,읍면동,27140,4226338,대구광역시 동구 팔공로91길 9,공산동주민센터,1103204.602999999886379,1772109.506999999983236,053-662-3320
자치단체,읍면동,27140,4226316,대구광역시 동구 팔공로24길 171,도평동주민센터,1103778.462000000057742,1768759.050999999977648,053-662-3311
자치단체,읍면동,27140,4226084,대구광역시 동구 동촌로11길 5,동촌동행정복지센터,1103759.821999999927357,1766536.181000000098720,053-662-3314
자치단체,읍면동,27140,4226096,대구광역시 동구 동촌로48길 26,방촌동주민센터,1105182.938000000081956,1765454.681000000098720,053-662-3315
법원,법원,27290,3147037,대구광역시 달서구 장산남로 30,대구가정법원,1092785.387000000104308,1762323.554999999934807,053-570-1500
자치단체,읍면동,27140,4226317,대구광역시 동구 팔공로25길 16,불로봉무동행정복지센터,1102799.253999999957159,1768793.127000000094995,053-662-3312
법원,법원,27260,3007004,대구광역시 수성구 동대구로 364,대구고등법원,1101920.868999999947846,1763450.097000000067055,053-757-6600
자치단체,읍면동,27140,4226232,대구광역시 동구 아양로7길 27,신암1동행정복지센터,1100762.287000000011176,1765875.629999999888241,053-662-3301
법원,법원,27260,3007004,대구광역시 수성구 동대구로 364,대구지방법원,1101920.868999999947846,1763450.097000000067055,053-757-6600
자치단체,읍면동,27140,3142024,대구광역시 동구 신성로 56,신암2동주민센터,1100438.824000000022352,1765393.171000000089407,053-662-3302
자치단체,읍면동,27140,3142025,대구광역시 동구 신암남로 67,신암3동주민센터,1101381.820999999996275,1765360.316000000108033,053-662-3303
자치단체,읍면동,27140,4226188,대구광역시 동구 신암남로23길 53,신암4동행정복지센터,1101932.881999999983236,1765972.277999999932945,053-662-3304
자치단체,읍면동,27140,4226217,대구광역시 동구 아양로37길 92,신암5동주민센터,1102263.844000000040978,1766499.656999999890104,053-662-3305
자치단체,읍면동,27140,4226030,대구광역시 동구 국채보상로159길 41,신천1.2동주민센터,1100644.651000000070781,1764280.912000000011176,053-662-3306
자치단체,읍면동,27140,3142038,대구광역시 동구 장등로 90,신천3동주민센터,1101438.628000000026077,1764898.203999999910593,053-662-3724
자치단체,읍면동,27140,4226069,대구광역시 동구 동부로30길 61-7,신천4동주민센터,1101947.852999999886379,1764496.189999999944121,053-662-3308
자치단체,읍면동,27140,3142034,대구광역시 동구 율하동로 121,안심1동행정복지센터,1108522.527000000001863,1764425.868999999947846,053-662-3317
자치단체,읍면동,27140,4226125,대구광역시 동구 반야월로1길 28,안심2동주민센터,1107158.756000000052154,1764968.110000000102445,053-662-3318
보건소,보건소,27200,4232252,대구광역시 남구 영선길 34,보건소,1098560.246000000042841,1762479.736000000033528,053-664-3601
자치단체,읍면동,27140,4226241,대구광역시 동구 안심로49길 98,안심3.4동행정복지센터,1109309.918000000063330,1764450.222000000067055,053-662-3319
보건소,보건소,27290,3147045,대구광역시 달서구 학산로 45,보건소,1093288.093000000109896,1759761.080000000074506,053-667-5605
자치단체,읍면동,27140,4226353,대구광역시 동구 해동로3길 80,지저동주민센터,1102730.054999999934807,1766908.223999999929219,053-662-3313
보건소,보건소,27710,4244269,대구광역시 달성군 현풍읍 비슬로130길 17,보건소,1085075.492000000085682,1744692.385000000009313,053-668-3101
자치단체,읍면동,27140,4226157,대구광역시 동구 방촌로29길 46,해안동행정복지센터,1105759.597000000067055,1765688.813000000081956,053-662-3316
보건소,보건소,27140,3142010,대구광역시 동구 동촌로 79,보건소,1103906.191000000108033,1766336.975000000093132,053-662-3201
자치단체,읍면동,27140,4226373,대구광역시 동구 화랑로41길 46,효목1동행정복지센터,1103346.541999999899417,1765609.533999999985099,053-662-3309
보건소,보건소,27230,3145032,대구광역시 북구 성북로 49,보건소,1098275.317000000039116,1766688.821999999927357,053-665-3211
자치단체,읍면동,27140,4226366,대구광역시 동구 화랑로25길 45,효목2동행정복지센터,1103017.468000000109896,1765221.131000000052154,053-662-3781
보건소,보건소,27170,3007001,대구광역시 서구 국채보상로 257,보건소,1095625.722999999998137,1764491.424000000115484,053-663-3111
자치단체,읍면동,27230,4235017,대구광역시 북구 검단로41길 12,검단동주민센터,1101706.878000000026077,1769123.185999999986961,053-665-3316
보건소,보건소,27260,3146017,대구광역시 수성구 수성로 213,보건소,1100414.168999999994412,1761508.002000000094995,053-666-3111
자치단체,읍면동,27230,4235041,대구광역시 북구 고성로31길 21,고성동주민센터,1097801.281999999890104,1765570.584999999962747,053-665-3301
보건소,보건소,27110,3141011,대구광역시 중구 태평로 45,보건소,1097793.137000000104308,1765132.770000000018626,053-661-3121
자치단체,읍면동,27230,4235208,대구광역시 북구 매천로18길 34,관문동주민센터,1094144.772000000113621,1767640.361000000033528,053-665-3318
보건소,보건지소,27290,3147001,대구광역시 달서구 계대동문로 79,성서보건지소,1090394.888999999966472,1762600.171000000089407,053-667-5711
자치단체,읍면동,27230,3145008,대구광역시 북구 관음동로 125,관음동행정복지센터,1094461.253999999957159,1772457.051999999908730,053-665-3322
보건소,보건지소,27230,3145020,대구광역시 북구 대천로 81,강북보건지소,1095448.422000000020489,1771699.564999999944121,053-665-4200
자치단체,읍면동,27230,3145013,대구광역시 북구 구암서로 32,구암동행정복지센터,1096155.324000000022352,1771885.260000000009313,053-665-3321
보건소,센터,27260,3146021,대구광역시 수성구 욱수천로 99,고산건강생활지원센터,1109535.807000000029802,1760732.138000000035390,053-666-3160
자치단체,읍면동,27230,3145011,대구광역시 북구 구리로 188,국우동행정복지센터,1096988.608999999938533,1772903.216999999945983,053-665-3325
자치단체,읍면동,27230,4235104,대구광역시 북구 노원로10길 166,노원동주민센터,1097133.831000000005588,1766484.219000000040978,053-665-3306
자치단체,읍면동,27230,3145022,대구광역시 북구 대현남로 25,대현동행정복지센터,1099709.284999999916181,1765561.935000000055879,053-665-3315
자치단체,읍면동,27230,3145020,대구광역시 북구 대천로 81,동천동주민센터,1095448.422000000020489,1771699.564999999944121,031-324-8702
자치단체,읍면동,27230,4235489,대구광역시 북구 호국로43길 20,무태조야동행정복지센터,1098974.188000000081956,1769966.272000000113621,053-665-3317
자치단체,읍면동,27230,4235188,대구광역시 북구 동북로52길 7,복현1동주민센터,1100952.615999999921769,1766928.760999999940395,053-665-3312
자치단체,읍면동,27230,4235221,대구광역시 북구 복현로8길 16-5,복현2동주민센터,1101573.600000000093132,1767112.654000000096858,053-665-3313
자치단체,읍면동,27230,4235278,대구광역시 북구 연암로36길 6,산격1동행정복지센터,1098986.210999999893829,1767641.139999999897555,053-665-3308
자치단체,읍면동,27230,4235183,대구광역시 북구 동북로31길 30,산격2동주민센터,1100101.317999999970198,1767802.894000000087544,053-665-3309
자치단체,읍면동,27230,4235143,대구광역시 북구 대학로15길 16,산격3동주민센터,1100025.419999999925494,1766891.185000000055879,053-665-3310
자치단체,읍면동,27230,3145017,대구광역시 북구 대구체육관로 48,산격4동주민센터,1099665.581000000005588,1766751.726000000024214,053-665-3311
자치단체,읍면동,27230,2145001,대구광역시 북구 칠곡중앙대로 561,읍내동행정복지센터,1094753.895000000018626,1772635.320000000065193,053-665-3323
자치단체,읍면동,27230,4235393,대구광역시 북구 칠성로19길 4,칠성동행정복지센터,1099295.503999999957159,1765296.186999999918044,053-665-3302
자치단체,읍면동,27230,4235406,대구광역시 북구 침산남로13길 16,침산1동주민센터,1097596.493999999947846,1766508.138999999966472,053-665-3303
자치단체,읍면동,27230,3145043,대구광역시 북구 침산남로 195,침산2동주민센터,1099011.331999999936670,1766185.520000000018626,053-665-3304
자치단체,읍면동,27230,3145032,대구광역시 북구 성북로 55,침산3동주민센터,1098315.470999999903142,1766702.625999999931082,053-665-3305
자치단체,읍면동,27230,4235447,대구광역시 북구 태전로7길 10-24,태전1동주민센터,1094131.428000000072643,1770220.915000000037253,053-665-3319
자치단체,읍면동,27230,4235348,대구광역시 북구 칠곡중앙대로52길 32,태전2동행정복지센터,1094617.800000000046566,1769934.023000000044703,053-665-3320
자치단체,읍면동,27170,4229236,대구광역시 서구 서대구로4길 35,내당1동주민센터,1095767.337999999988824,1763198.266000000061467,053-663-3301
자치단체,읍면동,27170,4229304,대구광역시 서구 큰장로15길 11-1,내당2.3동행정복지센터,1097008.938000000081956,1763945.924000000115484,053-663-3302
자치단체,읍면동,27170,4229230,대구광역시 서구 서대구로3길 46,내당4동주민센터,1094969.972999999998137,1763007.808999999891967,053-663-3303
자치단체,읍면동,27170,4229195,대구광역시 서구 북비산로65길 18,비산1동주민센터,1096490.492000000085682,1765482.395000000018626,031-8045-4600
자치단체,읍면동,27170,4229065,대구광역시 서구 국채보상로81길 43,비산2.3동행정복지센터,1097014.889999999897555,1764892.141000000061467,053-663-3305
자치단체,읍면동,27170,4229062,대구광역시 서구 국채보상로78길 29-4,비산4동주민센터,1096984.162000000011176,1764218.550000000046566,053-663-3306
자치단체,읍면동,27170,4229127,대구광역시 서구 달서천로65길 17,비산5동주민센터,1096544.381999999983236,1766054.078999999910593,053-663-3307
자치단체,읍면동,27170,4229169,대구광역시 서구 문화로67길 3,비산6동주민센터,1096505.908999999985099,1764940.473999999929219,053-663-3308
자치단체,읍면동,27170,4229253,대구광역시 서구 염색공단로5길 4,비산7동행정복지센터,1095090.087999999988824,1766218.057000000029802,053-663-3309
자치단체,읍면동,27170,3143012,대구광역시 서구 당산로 343,상중이동행정복지센터,1094443.520000000018626,1763884.456000000005588,053-663-3316
자치단체,읍면동,27170,4229108,대구광역시 서구 달서로55길 5,원대동주민센터,1096972.283999999985099,1766111.438000000081956,053-663-3317
자치단체,읍면동,27170,3143004,대구광역시 서구 문화로 280,평리1동주민센터,1095981.182999999960884,1764857.689999999944121,053-663-3310
자치단체,읍면동,27170,4229047,대구광역시 서구 국채보상로60길 6,평리2동주민센터,1096021.162999999942258,1764372.054000000003725,053-663-3311
자치단체,읍면동,27170,3143004,대구광역시 서구 문화로 261,평리3동주민센터,1095803.841999999945983,1764895.171000000089407,053-663-3312
자치단체,읍면동,27170,4229037,대구광역시 서구 국채보상로46길 37-3,평리4동행정복지센터,1095407.905000000027940,1763935.347000000067055,053-663-3313
자치단체,읍면동,27170,4229228,대구광역시 서구 서대구로37길 48,평리5동주민센터,1094672.558999999891967,1764640.932000000029802,053-663-3314
자치단체,읍면동,27170,4229148,대구광역시 서구 당산로86길 13,평리6동주민센터,1094626.425999999977648,1764797.931000000098720,053-663-3315
자치단체,읍면동,27260,2007002,대구광역시 수성구 달구벌대로 3260-2,고산1동행정복지센터,1109497.344999999972060,1760742.965000000083819,053-666-3321
자치단체,읍면동,27260,2007002,대구광역시 수성구 달구벌대로 3091,고산2동행정복지센터,1107934.033000000054017,1761431.989000000059605,053-666-3322
자치단체,읍면동,27260,3146002,대구광역시 수성구 고산로 152,고산3동행정복지센터,1108962.027000000001863,1761517.892999999923632,053-666-3323
자치단체,읍면동,27260,3146011,대구광역시 수성구 무학로 112,두산동행정복지센터,1101214.208000000100583,1759788.354999999981374,053-666-3316
자치단체,읍면동,27260,3007001,대구광역시 수성구 국채보상로 1001,만촌1동행정복지센터,1102925.706999999936670,1763901.523000000044703,053-666-3305
자치단체,읍면동,27260,3146010,대구광역시 수성구 무열로 12,만촌2동행정복지센터,1103581.595999999903142,1763197.466000000014901,053-666-3306
자치단체,읍면동,27260,4238026,대구광역시 수성구 교학로2길 45,만촌3동행정복지센터,1103888.740999999921769,1762719.310000000055879,053-666-3307
자치단체,읍면동,27260,3007006,대구광역시 수성구 범안로 76,범물1동행정복지센터,1103523.179000000003725,1758525.486000000033528,053-666-3319
자치단체,읍면동,27260,3007006,대구광역시 수성구 범안로 52,범물2동행정복지센터,1103294.237999999895692,1758495.256000000052154,053-666-3320
자치단체,읍면동,27260,3146013,대구광역시 수성구 범어천로 97,범어1동행정복지센터,1101313.727999999886379,1762691.117000000085682,053-666-3301
자치단체,읍면동,27260,4238063,대구광역시 수성구 달구벌대로489안길 7,범어2동행정복지센터,1102140.996000000042841,1763206.601000000024214,053-666-3302
자치단체,읍면동,27260,3146008,대구광역시 수성구 들안로 403-1,범어3동행정복지센터,1100917.614999999990687,1763858.611000000033528,053-666-3303
자치단체,읍면동,27260,4238243,대구광역시 수성구 범어로20길 97,범어4동행정주민센터,1103044.121999999973923,1762997.433999999891967,053-666-3304
자치단체,읍면동,27260,4238186,대구광역시 수성구 들안로9길 56,상동행정복지센터,1100748.506999999983236,1760088.256999999983236,053-666-3314
자치단체,읍면동,27260,4238201,대구광역시 수성구 명덕로73길 7,수성1가동행정복지센터,1100257.074000000022352,1762633.723999999929219,053-666-3308
자치단체,읍면동,27260,3141013,대구광역시 수성구 명덕로 443-2,수성2.3가동행정복지센터,1101040.250999999931082,1762603.165000000037253,053-666-3309
자치단체,읍면동,27260,4238178,대구광역시 수성구 들안로67길 64,수성4가동행정복지센터,1100817.659999999916181,1763474.513999999966472,053-666-3310
자치단체,읍면동,27260,4238284,대구광역시 수성구 수성로50길 38,중동행정복지센터,1100695.682999999960884,1761775.993999999947846,032-320-3000
자치단체,읍면동,27260,4238360,대구광역시 수성구 지범로21길 16,지산1동행정복지센터,1102703.841000000014901,1759310.695999999996275,053-666-3317
자치단체,읍면동,27260,4238339,대구광역시 수성구 용학로33길 9,지산2동행정복지센터,1101894.249000000068918,1759103.118999999947846,053-666-3318
자치단체,읍면동,27260,3146031,대구광역시 수성구 파동로 136,파동행정복지센터,1100747.118999999947846,1758244.469000000040978,053-666-3315
자치단체,읍면동,27260,4238417,대구광역시 수성구 청호로57길 10,황금1동행정복지센터,1102782.027000000001863,1761426.669999999925494,053-666-3732
자치단체,읍면동,27260,4238405,대구광역시 수성구 청수로31길 45,황금2동행정복지센터,1101616.571999999927357,1761143.566000000108033,053-666-3312
자치단체,읍면동,27110,4223001,대구광역시 중구 2·28길 18-15,남산1동주민센터,1098454.327999999979511,1763082.480999999912456,053-661-3308
자치단체,읍면동,27110,3141007,대구광역시 중구 명륜로 27-1,남산2동주민센터,1098370.307000000029802,1763606.584000000031665,053-661-3309
자치단체,읍면동,27110,4223039,대구광역시 중구 남산로4길 70,남산3동주민센터,1098013.435000000055879,1763139.590000000083819,053-661-3310
자치단체,읍면동,27110,4223035,대구광역시 중구 남산로1길 42,남산4동행정복지센터,1097565.345999999903142,1762947.446999999927357,053-661-3311
자치단체,읍면동,27110,4223054,대구광역시 중구 달구벌대로440길 27,대봉1동주민센터,1099710.256999999983236,1763336.637000000104308,053-661-3312
자치단체,읍면동,27110,4223072,대구광역시 중구 대봉로45길 29,대봉2동주민센터,1099297.767999999923632,1762958.708000000100583,053-661-3313
자치단체,읍면동,27110,4223047,대구광역시 중구 달구벌대로389길 50,대신동주민센터,1097174.862999999895692,1763759.391000000061467,053-661-3307
자치단체,읍면동,27110,4223022,대구광역시 중구 국채보상로142길 19-5,동인동행정복지센터,1100131.760999999940395,1764050.074999999953434,053-661-3301
자치단체,읍면동,27110,4223058,대구광역시 중구 달구벌대로447길 72-11,삼덕동주민센터,1100117.547000000020489,1763786.165999999968335,053-661-3303
자치단체,읍면동,27110,4223085,대구광역시 중구 동성로3길 87,성내1동주민센터,1099127.888000000035390,1764187.914000000106171,053-661-3304
자치단체,읍면동,27110,4223052,대구광역시 중구 달구벌대로415길 48,성내2동주민센터,1098438.887000000104308,1764084.347999999998137,053-661-3305
자치단체,읍면동,27110,4223113,대구광역시 중구 서성로13길 32-10,성내3동주민센터,1098012.956999999936670,1764546.598999999929219,053-661-3306
자치단체,기술센터,27140,4226093,대구광역시 동구 동촌로42길 69,농업기술센터,1104730.864999999990687,1765454.674000000115484,033-660-3140
자치단체,기술센터,27710,3007026,대구광역시 달성군 옥포읍 비슬로 2040,농업기술센터,1085565.257999999914318,1754445.647000000113621,033-660-3140
학교,대학,27230,3145021,대구광역시 북구 대학로 80,경북대학교,1100567.553000000072643,1766401.909999999916181,053-950-5114
학교,대학,27290,2007002,대구광역시 달서구 달구벌대로 1095,계명대학교,1088624.325999999884516,1762335.299000000115484,053-580-5114
학교,대학,27290,2147001,대구광역시 달서구 달서대로 675,계명문화대학교,1089055.500000000000000,1762994.969999999972060,053-589-7744
법원,지원,27290,3147037,대구광역시 달서구 장산남로 30,서부지원,1092785.387000000104308,1762323.554999999934807,053-570-2114
학교,대학,27710,2148003,대구광역시 달성군 현풍읍 테크노중앙대로 333,대구경북과학기술원,1086392.888999999966472,1745905.502000000094995,053-785-0114
학교,대학,27290,3147024,대구광역시 달서구 송현로 205,대구공업대학교,1094321.246000000042841,1760234.215000000083819,053-527-0501-5
병무,부속기관,27140,3142054,대구광역시 동구 첨복로 10,중앙신체검사소,1111359.631999999983236,1765225.604999999981374,053-607-0228
학교,대학,27230,3145035,대구광역시 북구 영송로 47,대구과학대학교,1094069.077000000048429,1770789.006999999983236,053-320-1114
학교,대학,27200,2007001,대구광역시 남구 중앙대로 219,대구교육대학교,1098220.769000000087544,1762201.331000000005588,053-620-1202
학교,대학,27230,3145035,대구광역시 북구 영송로 15,대구보건대학교,1094184.192999999970198,1770522.989999999990687,053-320-1300
병무,지방청,27140,3142008,대구광역시 동구 동내로 63,대구경북지방병무청,1111453.543000000063330,1765208.379999999888241,053-607-6351
